job_id,province,job_title,estimated_salary,month
1,Manitoba,Business Analyst,74946,2023-12
2,Manitoba,Business Analyst,53746,2023-06
3,Quebec,Data Analyst,58271,2023-03
4,Manitoba,Data Analyst,60206,2023-10
5,Quebec,Business Analyst,90878,2023-04
6,Manitoba,Data Scientist,103268,2023-01
7,Ontario,Data Scientist,81994,2023-11
8,Ontario,ML Engineer,61162,2023-08
9,Quebec,Data Scientist,43378,2023-08
10,BC,Data Analyst,92762,2023-01
11,Alberta,Data Scientist,48924,2023-04
12,BC,Business Analyst,97079,2023-03
13,Manitoba,Data Scientist,71608,2023-11
14,Ontario,ML Engineer,114009,2023-02
15,Ontario,Business Analyst,49620,2023-12
16,Manitoba,ML Engineer,41969,2023-09
17,Alberta,Data Analyst,43355,2023-10
18,BC,Data Scientist,79590,2023-06
19,Ontario,Business Analyst,61605,2023-01
20,BC,Data Analyst,63714,2023-04
21,Quebec,Data Scientist,46455,2023-07
22,Ontario,ML Engineer,88828,2023-01
23,Alberta,Data Scientist,64258,2023-11
24,Manitoba,Business Analyst,95988,2023-01
25,BC,Business Analyst,66162,2023-10
26,Quebec,Business Analyst,112844,2023-10
27,Quebec,ML Engineer,106727,2023-04
28,Alberta,Business Analyst,55752,2023-06
29,Alberta,ML Engineer,66206,2023-10
30,Manitoba,ML Engineer,80642,2023-09
31,Alberta,ML Engineer,43343,2023-04
32,Ontario,Data Scientist,76637,2023-09
33,BC,Business Analyst,78621,2023-08
34,Manitoba,ML Engineer,96521,2023-01
35,Alberta,Data Analyst,115038,2023-02
36,Manitoba,Data Scientist,116081,2023-11
37,BC,ML Engineer,68091,2023-02
38,Manitoba,Data Scientist,52857,2023-01
39,Ontario,ML Engineer,101295,2023-12
40,Manitoba,Data Scientist,71898,2023-02
41,Quebec,Business Analyst,40627,2023-03
42,Manitoba,ML Engineer,87259,2023-10
43,Manitoba,Data Analyst,117627,2023-05
44,Quebec,Data Scientist,93932,2023-03
45,Quebec,Data Scientist,98401,2023-04
46,Ontario,Business Analyst,66347,2023-08
47,BC,Data Analyst,63724,2023-12
48,Manitoba,Business Analyst,92043,2023-03
49,Alberta,Business Analyst,51885,2023-10
50,BC,Data Scientist,114461,2023-12
51,Alberta,Data Scientist,93792,2023-08
52,Alberta,Data Scientist,42863,2023-07
53,Ontario,ML Engineer,54849,2023-06
54,Ontario,Data Scientist,54039,2023-06
55,Alberta,ML Engineer,115501,2023-01
56,Ontario,Business Analyst,51285,2023-11
57,Alberta,ML Engineer,71739,2023-05
58,Manitoba,Data Scientist,93398,2023-02
59,Quebec,Data Analyst,112168,2023-08
60,BC,Data Analyst,77788,2023-05
61,BC,Data Analyst,113597,2023-09
62,Quebec,Business Analyst,67494,2023-01
63,Alberta,ML Engineer,61889,2023-04
64,Quebec,Business Analyst,102907,2023-11
65,BC,Data Scientist,92123,2023-12
66,Manitoba,Data Scientist,82118,2023-04
67,BC,Data Analyst,64536,2023-05
68,Ontario,ML Engineer,75504,2023-08
69,Ontario,ML Engineer,73431,2023-01
70,Alberta,Business Analyst,79846,2023-05
71,Manitoba,Business Analyst,63475,2023-12
72,BC,Business Analyst,86111,2023-11
73,Quebec,Data Scientist,85840,2023-04
74,Quebec,Data Scientist,45415,2023-04
75,BC,ML Engineer,64495,2023-12
76,Quebec,Data Analyst,77651,2023-09
77,Quebec,Business Analyst,65026,2023-12
78,BC,Business Analyst,62643,2023-05
79,BC,Business Analyst,76724,2023-05
80,Ontario,Data Analyst,41890,2023-03
81,Manitoba,Data Analyst,45219,2023-08
82,Quebec,Data Analyst,86051,2023-05
83,Quebec,ML Engineer,76987,2023-01
84,BC,Business Analyst,69483,2023-10
85,Quebec,Data Analyst,71150,2023-06
86,Quebec,Data Scientist,76441,2023-05
87,Ontario,ML Engineer,47606,2023-06
88,Quebec,ML Engineer,113746,2023-09
89,Manitoba,Data Scientist,63578,2023-11
90,BC,Business Analyst,40490,2023-06
91,Alberta,Data Scientist,54772,2023-01
92,Ontario,ML Engineer,119960,2023-08
93,Alberta,Business Analyst,88139,2023-10
94,Ontario,Data Analyst,87350,2023-05
95,Ontario,Business Analyst,111853,2023-10
96,Manitoba,Data Analyst,67916,2023-09
97,Ontario,Business Analyst,116827,2023-12
98,Alberta,ML Engineer,78427,2023-05
99,Ontario,Data Analyst,45142,2023-01
100,Quebec,Data Analyst,105183,2023-03
101,Alberta,Data Scientist,61071,2023-06
102,Ontario,ML Engineer,94849,2023-08
103,Ontario,ML Engineer,66131,2023-01
104,Ontario,Data Scientist,72759,2023-07
105,Manitoba,ML Engineer,78844,2023-02
106,Quebec,ML Engineer,112486,2023-07
107,Ontario,Business Analyst,56885,2023-05
108,Manitoba,Business Analyst,112949,2023-05
109,BC,Data Scientist,52606,2023-07
110,BC,Business Analyst,62916,2023-08
111,Ontario,Data Scientist,106360,2023-12
112,Manitoba,Data Scientist,87990,2023-06
113,Ontario,Data Analyst,80100,2023-12
114,Alberta,ML Engineer,58518,2023-02
115,BC,Data Scientist,47906,2023-03
116,BC,ML Engineer,48998,2023-04
117,Alberta,Business Analyst,94285,2023-10
118,Ontario,ML Engineer,103251,2023-11
119,BC,Business Analyst,55943,2023-12
120,Manitoba,Data Scientist,50750,2023-11
121,Quebec,Business Analyst,102426,2023-04
122,Quebec,Business Analyst,75890,2023-06
123,BC,ML Engineer,92174,2023-04
124,Manitoba,ML Engineer,118461,2023-06
125,Alberta,Data Scientist,47901,2023-02
126,BC,ML Engineer,59954,2023-03
127,Ontario,ML Engineer,116819,2023-12
128,Quebec,Business Analyst,67505,2023-06
129,Alberta,Business Analyst,64743,2023-12
130,Quebec,Business Analyst,114609,2023-01
131,Manitoba,ML Engineer,54855,2023-11
132,Ontario,Data Scientist,44809,2023-11
133,Ontario,Data Scientist,90412,2023-09
134,Quebec,Business Analyst,94005,2023-05
135,Alberta,ML Engineer,79276,2023-06
136,BC,Data Analyst,68045,2023-04
137,Manitoba,Data Scientist,44590,2023-09
138,Manitoba,Business Analyst,40696,2023-09
139,Ontario,Business Analyst,87045,2023-08
140,Alberta,ML Engineer,92181,2023-01
141,BC,ML Engineer,65414,2023-03
142,Manitoba,Data Scientist,58787,2023-01
143,Quebec,Business Analyst,85616,2023-05
144,Ontario,Business Analyst,64691,2023-05
145,Manitoba,ML Engineer,106731,2023-05
146,Ontario,Data Scientist,91585,2023-05
147,BC,Business Analyst,50277,2023-09
148,Quebec,Data Analyst,47250,2023-10
149,Quebec,Data Analyst,74209,2023-07
150,Manitoba,ML Engineer,41420,2023-06
151,Alberta,Business Analyst,96894,2023-04
152,Alberta,Data Analyst,112321,2023-10
153,Manitoba,Data Scientist,83223,2023-11
154,BC,ML Engineer,53036,2023-11
155,Alberta,Business Analyst,117673,2023-05
156,Manitoba,ML Engineer,87726,2023-03
157,Manitoba,Data Scientist,76035,2023-06
158,Ontario,ML Engineer,62310,2023-06
159,Alberta,Data Analyst,84899,2023-03
160,Ontario,Business Analyst,66005,2023-03
161,Quebec,ML Engineer,97019,2023-04
162,Ontario,ML Engineer,48744,2023-10
163,BC,ML Engineer,99657,2023-04
164,BC,Business Analyst,50619,2023-03
165,Ontario,Data Scientist,98948,2023-04
166,Quebec,ML Engineer,50357,2023-09
167,BC,Data Analyst,58197,2023-08
168,Quebec,ML Engineer,68130,2023-08
169,Ontario,Data Scientist,50927,2023-05
170,BC,Data Scientist,96936,2023-09
171,Alberta,Data Analyst,83048,2023-07
172,Alberta,Business Analyst,87334,2023-11
173,Ontario,Data Analyst,71382,2023-03
174,Manitoba,Data Scientist,48402,2023-09
175,Ontario,Data Scientist,113861,2023-04
176,Quebec,Data Analyst,90413,2023-09
177,Manitoba,Data Analyst,91155,2023-06
178,Ontario,Business Analyst,42534,2023-10
179,BC,ML Engineer,92237,2023-03
180,Manitoba,ML Engineer,85458,2023-05
181,Ontario,Data Scientist,103832,2023-07
182,Ontario,Business Analyst,80989,2023-06
183,Ontario,Data Analyst,69942,2023-06
184,Manitoba,Data Analyst,63495,2023-02
185,BC,Data Scientist,98263,2023-07
186,Alberta,Business Analyst,98958,2023-04
187,Quebec,Data Scientist,108105,2023-08
188,Manitoba,ML Engineer,100347,2023-08
189,Ontario,ML Engineer,47039,2023-08
190,BC,ML Engineer,103484,2023-10
191,Quebec,Data Scientist,103370,2023-08
192,Manitoba,ML Engineer,59890,2023-10
193,Ontario,Data Scientist,44434,2023-01
194,Ontario,Data Analyst,50213,2023-04
195,Quebec,ML Engineer,94596,2023-07
196,Quebec,Data Scientist,62156,2023-11
197,Alberta,Business Analyst,115894,2023-12
198,Alberta,ML Engineer,49460,2023-09
199,Quebec,Data Scientist,75313,2023-10
200,Manitoba,Business Analyst,91637,2023-03
201,Quebec,ML Engineer,50281,2023-02
202,Ontario,Data Scientist,59969,2023-09
203,Quebec,Data Analyst,57956,2023-02
204,Manitoba,Business Analyst,100489,2023-01
205,BC,Data Analyst,107380,2023-01
206,Ontario,Data Scientist,96847,2023-09
207,Ontario,Business Analyst,88821,2023-10
208,Quebec,Data Analyst,42115,2023-07
209,Manitoba,Business Analyst,86928,2023-06
210,Alberta,Data Analyst,111544,2023-06
211,Manitoba,Data Analyst,92469,2023-12
212,Ontario,Business Analyst,60028,2023-12
213,Ontario,Business Analyst,92535,2023-09
214,BC,Business Analyst,106126,2023-06
215,Quebec,Business Analyst,102022,2023-06
216,Alberta,ML Engineer,119473,2023-07
217,Ontario,Data Scientist,88248,2023-07
218,Quebec,Data Scientist,106011,2023-12
219,Ontario,ML Engineer,100703,2023-11
220,Quebec,Business Analyst,71246,2023-06
221,Manitoba,Data Scientist,75419,2023-03
222,Ontario,Data Scientist,71923,2023-02
223,Ontario,Data Scientist,91131,2023-01
224,Quebec,Data Analyst,116098,2023-10
225,BC,Data Scientist,95528,2023-11
226,Alberta,Data Scientist,108936,2023-09
227,Alberta,Business Analyst,64362,2023-09
228,Ontario,ML Engineer,81200,2023-01
229,BC,Business Analyst,55582,2023-09
230,Quebec,Data Analyst,61417,2023-09
231,Manitoba,Data Scientist,68472,2023-09
232,Manitoba,Business Analyst,113281,2023-12
233,Alberta,Business Analyst,86388,2023-01
234,Quebec,ML Engineer,53857,2023-11
235,BC,Data Scientist,100243,2023-11
236,Manitoba,ML Engineer,114011,2023-08
237,Ontario,Data Scientist,70922,2023-06
238,Manitoba,Business Analyst,87995,2023-07
239,Ontario,Data Analyst,118552,2023-11
240,Ontario,Data Scientist,84765,2023-01
241,Alberta,ML Engineer,84564,2023-11
242,Quebec,Business Analyst,94738,2023-07
243,Quebec,Data Scientist,96150,2023-04
244,Quebec,ML Engineer,45015,2023-08
245,Manitoba,Data Analyst,110789,2023-11
246,Manitoba,Data Scientist,84937,2023-02
247,Manitoba,ML Engineer,46597,2023-03
248,Ontario,ML Engineer,114483,2023-03
249,Ontario,Data Scientist,87721,2023-05
250,Ontario,Data Analyst,45849,2023-11
251,Manitoba,Data Analyst,61788,2023-01
252,Quebec,ML Engineer,48870,2023-02
253,Manitoba,Data Scientist,78555,2023-05
254,BC,ML Engineer,82387,2023-09
255,BC,Data Scientist,54816,2023-04
256,Quebec,Data Scientist,67896,2023-05
257,Ontario,Data Analyst,99956,2023-08
258,Manitoba,ML Engineer,91086,2023-06
259,BC,ML Engineer,47144,2023-04
260,Manitoba,Business Analyst,92429,2023-02
261,Ontario,Data Scientist,44221,2023-05
262,Quebec,Data Scientist,41276,2023-09
263,Quebec,Business Analyst,54136,2023-10
264,Manitoba,ML Engineer,52126,2023-10
265,Quebec,Data Analyst,57125,2023-05
266,Manitoba,Data Scientist,45524,2023-06
267,BC,Business Analyst,81905,2023-01
268,Quebec,Data Scientist,53776,2023-09
269,Quebec,ML Engineer,93514,2023-01
270,Manitoba,Data Analyst,81994,2023-04
271,BC,ML Engineer,104865,2023-08
272,BC,ML Engineer,81214,2023-08
273,Ontario,ML Engineer,78202,2023-03
274,Alberta,ML Engineer,79537,2023-09
275,Quebec,Data Scientist,97790,2023-07
276,BC,ML Engineer,58661,2023-07
277,Manitoba,Business Analyst,99103,2023-01
278,Alberta,Data Scientist,68101,2023-06
279,Quebec,Data Scientist,75484,2023-05
280,Ontario,Data Analyst,86685,2023-02
281,Alberta,Business Analyst,49587,2023-10
282,Alberta,Data Analyst,81532,2023-03
283,Manitoba,Business Analyst,76109,2023-12
284,BC,Business Analyst,43312,2023-04
285,Ontario,ML Engineer,112776,2023-02
286,Ontario,Data Analyst,43380,2023-10
287,BC,Business Analyst,61502,2023-09
288,Alberta,Data Analyst,114770,2023-03
289,BC,ML Engineer,86525,2023-10
290,Ontario,Business Analyst,49817,2023-09
291,Manitoba,Data Scientist,97902,2023-04
292,Alberta,Data Scientist,55394,2023-11
293,Quebec,Data Analyst,64725,2023-01
294,Alberta,Data Analyst,58907,2023-07
295,Manitoba,ML Engineer,82215,2023-06
296,Manitoba,Data Analyst,101679,2023-04
297,Manitoba,Data Analyst,86560,2023-12
298,Ontario,Data Scientist,62008,2023-04
299,BC,Business Analyst,55020,2023-11
300,Ontario,ML Engineer,46644,2023-01
301,Ontario,Business Analyst,101575,2023-02
302,Manitoba,ML Engineer,103582,2023-03
303,Alberta,ML Engineer,117055,2023-02
304,Quebec,ML Engineer,63155,2023-05
305,BC,Data Analyst,101049,2023-03
306,Manitoba,Data Scientist,90545,2023-09
307,Ontario,Data Analyst,67824,2023-12
308,Ontario,Data Scientist,50794,2023-07
309,Ontario,Business Analyst,41515,2023-09
310,Ontario,ML Engineer,99253,2023-03
311,BC,ML Engineer,79397,2023-01
312,Ontario,ML Engineer,48652,2023-09
313,Ontario,Business Analyst,113357,2023-02
314,Manitoba,Data Analyst,52489,2023-11
315,Ontario,ML Engineer,90732,2023-04
316,Alberta,ML Engineer,57229,2023-01
317,Ontario,ML Engineer,64976,2023-02
318,Manitoba,Business Analyst,41953,2023-11
319,Alberta,Data Analyst,83396,2023-02
320,Quebec,Data Scientist,90369,2023-01
321,BC,Data Scientist,106949,2023-10
322,Manitoba,Business Analyst,90241,2023-12
323,Manitoba,Data Analyst,75540,2023-11
324,Quebec,Data Analyst,83610,2023-08
325,Manitoba,Business Analyst,43922,2023-11
326,BC,Data Analyst,40581,2023-03
327,Ontario,Data Analyst,50674,2023-06
328,BC,ML Engineer,68930,2023-03
329,BC,ML Engineer,65762,2023-08
330,Alberta,Data Scientist,52858,2023-07
331,Manitoba,Business Analyst,40351,2023-09
332,Ontario,Data Analyst,77850,2023-12
333,BC,Data Scientist,108779,2023-04
334,Alberta,Business Analyst,65136,2023-05
335,BC,Data Analyst,94713,2023-12
336,Alberta,Data Analyst,46952,2023-11
337,Ontario,Business Analyst,48246,2023-06
338,BC,Data Analyst,45586,2023-05
339,Manitoba,Business Analyst,82408,2023-11
340,Quebec,Business Analyst,119272,2023-04
341,Quebec,Data Analyst,62093,2023-02
342,Ontario,ML Engineer,92244,2023-02
343,Alberta,Business Analyst,54649,2023-04
344,Manitoba,Data Scientist,48189,2023-02
345,Quebec,Data Analyst,78950,2023-05
346,Ontario,Data Analyst,117065,2023-06
347,Manitoba,Business Analyst,69791,2023-10
348,Manitoba,ML Engineer,69453,2023-07
349,BC,Data Analyst,61204,2023-05
350,Ontario,ML Engineer,79551,2023-05
351,Ontario,Data Analyst,99328,2023-03
352,Ontario,Business Analyst,70645,2023-09
353,Alberta,Data Scientist,53180,2023-07
354,Alberta,ML Engineer,58582,2023-12
355,Ontario,Data Analyst,41492,2023-08
356,Alberta,Data Analyst,99386,2023-12
357,BC,Business Analyst,92003,2023-02
358,BC,ML Engineer,107828,2023-08
359,Manitoba,Business Analyst,99989,2023-04
360,BC,ML Engineer,81273,2023-10
361,Quebec,ML Engineer,50204,2023-10
362,Quebec,Data Scientist,81749,2023-08
363,Manitoba,Data Scientist,70845,2023-04
364,Quebec,Business Analyst,117822,2023-12
365,Quebec,Data Analyst,69537,2023-09
366,Manitoba,Business Analyst,62084,2023-03
367,Alberta,ML Engineer,104596,2023-07
368,Manitoba,ML Engineer,56467,2023-10
369,Alberta,ML Engineer,66759,2023-09
370,Ontario,Data Scientist,97052,2023-04
371,BC,ML Engineer,98397,2023-04
372,Manitoba,Data Analyst,93776,2023-01
373,BC,ML Engineer,62988,2023-02
374,Manitoba,Data Analyst,73065,2023-04
375,Quebec,ML Engineer,58330,2023-11
376,BC,Data Scientist,108209,2023-12
377,Quebec,Business Analyst,101550,2023-09
378,Ontario,ML Engineer,107181,2023-08
379,Quebec,Data Scientist,64155,2023-04
380,Manitoba,Data Scientist,69742,2023-05
381,BC,Data Scientist,112089,2023-08
382,Alberta,Data Scientist,58139,2023-11
383,Alberta,ML Engineer,96450,2023-05
384,Manitoba,Business Analyst,100120,2023-01
385,Ontario,Data Analyst,94511,2023-03
386,BC,Data Analyst,104955,2023-05
387,Alberta,Data Scientist,40513,2023-10
388,Ontario,Data Scientist,72760,2023-11
389,Manitoba,Data Analyst,87501,2023-10
390,Alberta,Data Scientist,89662,2023-10
391,BC,Data Scientist,93476,2023-01
392,Alberta,Business Analyst,70036,2023-11
393,BC,Business Analyst,114493,2023-10
394,Quebec,ML Engineer,81312,2023-09
395,Manitoba,Data Scientist,106327,2023-03
396,Alberta,Data Scientist,55033,2023-07
397,BC,Data Analyst,64184,2023-05
398,Manitoba,ML Engineer,119803,2023-09
399,Manitoba,Business Analyst,54098,2023-12
400,Alberta,ML Engineer,103079,2023-09
401,Ontario,Business Analyst,64339,2023-03
402,Manitoba,Business Analyst,47316,2023-09
403,BC,Data Analyst,72462,2023-09
404,Ontario,Data Scientist,74836,2023-06
405,Alberta,Data Scientist,103605,2023-03
406,Manitoba,ML Engineer,49994,2023-04
407,BC,ML Engineer,70403,2023-12
408,BC,Data Scientist,64280,2023-07
409,Manitoba,Data Scientist,93830,2023-12
410,Alberta,Data Analyst,112882,2023-01
411,BC,Data Analyst,91441,2023-06
412,Manitoba,ML Engineer,83176,2023-11
413,Ontario,Data Scientist,41286,2023-02
414,BC,Business Analyst,49655,2023-11
415,Alberta,ML Engineer,78098,2023-10
416,Ontario,Data Analyst,42581,2023-11
417,Alberta,Data Analyst,80267,2023-01
418,Quebec,Data Analyst,113739,2023-03
419,Manitoba,ML Engineer,87583,2023-05
420,BC,ML Engineer,61698,2023-04
421,Manitoba,ML Engineer,104867,2023-04
422,Manitoba,Data Scientist,73597,2023-02
423,Ontario,Business Analyst,84219,2023-02
424,Alberta,Data Analyst,115404,2023-11
425,Quebec,Business Analyst,53855,2023-08
426,Quebec,Business Analyst,106026,2023-12
427,Alberta,Data Analyst,56800,2023-05
428,Manitoba,ML Engineer,71669,2023-07
429,Quebec,Data Analyst,95590,2023-09
430,Manitoba,Business Analyst,90700,2023-01
431,Alberta,Business Analyst,84372,2023-05
432,Ontario,Data Analyst,52467,2023-07
433,Alberta,Data Analyst,88195,2023-04
434,Quebec,ML Engineer,45503,2023-11
435,Ontario,Business Analyst,100870,2023-01
436,BC,Business Analyst,91678,2023-10
437,Manitoba,Data Analyst,62890,2023-04
438,Quebec,ML Engineer,118684,2023-06
439,Quebec,Data Analyst,91718,2023-01
440,Manitoba,Data Analyst,113660,2023-08
441,BC,Data Scientist,48628,2023-09
442,Alberta,Business Analyst,59085,2023-09
443,Alberta,Data Analyst,101065,2023-09
444,Ontario,Data Analyst,119927,2023-09
445,Alberta,ML Engineer,110697,2023-10
446,Quebec,Business Analyst,103656,2023-11
447,Manitoba,Business Analyst,68756,2023-08
448,BC,Data Analyst,92273,2023-09
449,Manitoba,ML Engineer,55179,2023-08
450,Manitoba,ML Engineer,86246,2023-03
451,Manitoba,ML Engineer,50837,2023-04
452,Quebec,ML Engineer,99455,2023-10
453,Manitoba,ML Engineer,42164,2023-06
454,BC,Data Scientist,102655,2023-03
455,BC,Data Analyst,108495,2023-05
456,Manitoba,ML Engineer,118519,2023-12
457,BC,Data Scientist,56911,2023-06
458,Alberta,ML Engineer,49381,2023-07
459,Manitoba,Data Analyst,57153,2023-12
460,Quebec,Data Scientist,96655,2023-06
461,Quebec,Data Analyst,43206,2023-08
462,Manitoba,Data Scientist,99422,2023-08
463,Quebec,Data Analyst,90744,2023-04
464,Quebec,ML Engineer,64657,2023-01
465,Ontario,Data Scientist,57406,2023-03
466,Alberta,ML Engineer,44322,2023-05
467,BC,Data Analyst,108532,2023-05
468,Ontario,ML Engineer,77204,2023-05
469,Alberta,Data Scientist,95208,2023-08
470,Ontario,Data Analyst,93637,2023-06
471,Quebec,ML Engineer,60194,2023-02
472,Ontario,Data Scientist,94695,2023-06
473,Ontario,Data Scientist,67230,2023-01
474,Alberta,Data Scientist,70497,2023-05
475,Manitoba,Business Analyst,80667,2023-06
476,BC,Business Analyst,71433,2023-09
477,Alberta,ML Engineer,68367,2023-11
478,Ontario,ML Engineer,70218,2023-04
479,Manitoba,ML Engineer,44408,2023-06
480,Manitoba,Data Scientist,112263,2023-02
481,Ontario,Data Analyst,112998,2023-04
482,Ontario,Data Scientist,99059,2023-10
483,Manitoba,ML Engineer,102034,2023-01
484,Manitoba,ML Engineer,119372,2023-10
485,BC,Data Analyst,83319,2023-01
486,Ontario,ML Engineer,106375,2023-03
487,Quebec,Data Scientist,117606,2023-10
488,Quebec,Data Analyst,80209,2023-06
489,Quebec,Data Analyst,77604,2023-06
490,Quebec,Data Analyst,63863,2023-08
491,Quebec,Data Scientist,44103,2023-02
492,Ontario,Data Analyst,42434,2023-12
493,Quebec,ML Engineer,87136,2023-11
494,Manitoba,ML Engineer,67698,2023-09
495,Quebec,Business Analyst,61318,2023-06
496,Manitoba,Business Analyst,64285,2023-06
497,Ontario,Business Analyst,85569,2023-11
498,Quebec,Data Analyst,55813,2023-07
499,Manitoba,Data Scientist,73396,2023-05
500,Manitoba,ML Engineer,79960,2023-06
501,Quebec,Data Analyst,49459,2023-07
502,Manitoba,Business Analyst,55787,2023-09
503,BC,Business Analyst,45443,2023-06
504,Ontario,Data Analyst,118907,2023-12
505,BC,Data Analyst,115807,2023-04
506,Alberta,Business Analyst,75899,2023-11
507,Quebec,Business Analyst,65740,2023-04
508,Manitoba,Data Scientist,69593,2023-06
509,Alberta,Data Scientist,113731,2023-08
510,BC,Business Analyst,92904,2023-03
511,BC,Data Analyst,41225,2023-02
512,Alberta,ML Engineer,118792,2023-07
513,BC,Data Analyst,83733,2023-02
514,Manitoba,ML Engineer,89242,2023-06
515,Manitoba,Business Analyst,119637,2023-09
516,BC,Data Scientist,69337,2023-07
517,Manitoba,Data Scientist,50543,2023-05
518,Quebec,ML Engineer,57375,2023-12
519,Ontario,Data Analyst,75772,2023-01
520,Manitoba,Business Analyst,42543,2023-01
521,BC,ML Engineer,63568,2023-05
522,Alberta,Data Scientist,76039,2023-09
523,Manitoba,Business Analyst,70475,2023-03
524,Quebec,Data Scientist,65914,2023-10
525,Alberta,Data Scientist,83575,2023-09
526,Alberta,Data Analyst,95550,2023-04
527,Quebec,ML Engineer,59387,2023-04
528,Manitoba,ML Engineer,87606,2023-10
529,BC,ML Engineer,110582,2023-12
530,Alberta,ML Engineer,41444,2023-06
531,Alberta,ML Engineer,61703,2023-09
532,Ontario,Data Analyst,62508,2023-05
533,Alberta,Business Analyst,78732,2023-12
534,Manitoba,Business Analyst,52987,2023-08
535,Ontario,Business Analyst,74878,2023-05
536,BC,Data Analyst,69950,2023-02
537,Ontario,ML Engineer,71780,2023-12
538,Quebec,Business Analyst,99279,2023-11
539,BC,Business Analyst,110449,2023-08
540,BC,ML Engineer,85356,2023-11
541,Ontario,Data Analyst,100249,2023-07
542,Manitoba,Business Analyst,57701,2023-08
543,Quebec,Data Analyst,94493,2023-08
544,Ontario,Data Scientist,107480,2023-04
545,BC,Data Analyst,61784,2023-03
546,Alberta,Business Analyst,70985,2023-11
547,BC,Business Analyst,106379,2023-09
548,Quebec,Business Analyst,111478,2023-10
549,Alberta,Business Analyst,85638,2023-07
550,Alberta,ML Engineer,50613,2023-06
551,Manitoba,Data Scientist,56652,2023-03
552,BC,Business Analyst,98763,2023-10
553,Manitoba,ML Engineer,70104,2023-06
554,Alberta,Business Analyst,82832,2023-05
555,Alberta,Data Analyst,81871,2023-08
556,Ontario,ML Engineer,59267,2023-01
557,Quebec,ML Engineer,78871,2023-06
558,Quebec,ML Engineer,102581,2023-06
559,Manitoba,Data Scientist,88265,2023-06
560,BC,Data Analyst,109431,2023-03
561,Manitoba,ML Engineer,92456,2023-09
562,Ontario,Data Scientist,44611,2023-09
563,Ontario,ML Engineer,47074,2023-06
564,Alberta,Data Analyst,42044,2023-08
565,Ontario,Data Analyst,113198,2023-06
566,BC,Business Analyst,90762,2023-07
567,Manitoba,ML Engineer,117559,2023-06
568,Manitoba,ML Engineer,43224,2023-06
569,BC,ML Engineer,99370,2023-11
570,Manitoba,Business Analyst,44320,2023-07
571,Manitoba,Data Analyst,95041,2023-03
572,Ontario,Business Analyst,59119,2023-08
573,Manitoba,Data Analyst,62548,2023-08
574,Alberta,ML Engineer,95882,2023-10
575,Manitoba,ML Engineer,73363,2023-08
576,Quebec,Business Analyst,59584,2023-10
577,Ontario,ML Engineer,45666,2023-05
578,BC,Data Analyst,55163,2023-02
579,BC,ML Engineer,76031,2023-08
580,Manitoba,Business Analyst,102044,2023-03
581,Quebec,Data Analyst,103937,2023-07
582,Quebec,Data Analyst,78693,2023-07
583,Ontario,ML Engineer,102493,2023-07
584,BC,Business Analyst,95046,2023-11
585,Quebec,Business Analyst,102084,2023-01
586,Ontario,ML Engineer,44920,2023-09
587,BC,ML Engineer,118796,2023-09
588,Quebec,Business Analyst,87845,2023-12
589,Manitoba,Data Analyst,50558,2023-12
590,BC,Business Analyst,74178,2023-11
591,Manitoba,Data Scientist,56689,2023-11
592,BC,Business Analyst,96182,2023-07
593,BC,Data Analyst,94336,2023-06
594,Manitoba,Business Analyst,82952,2023-10
595,Ontario,Data Analyst,58877,2023-08
596,Ontario,Business Analyst,80000,2023-08
597,BC,ML Engineer,73034,2023-03
598,BC,Data Analyst,76575,2023-06
599,Manitoba,Data Analyst,96550,2023-09
600,Quebec,ML Engineer,101294,2023-03
601,Ontario,Data Analyst,98302,2023-09
602,BC,ML Engineer,96215,2023-06
603,Quebec,Business Analyst,77033,2023-03
604,Ontario,Data Scientist,73431,2023-08
605,Alberta,Business Analyst,80144,2023-09
606,Manitoba,Business Analyst,110727,2023-03
607,Manitoba,ML Engineer,119225,2023-03
608,Manitoba,Data Analyst,88523,2023-03
609,BC,ML Engineer,54462,2023-09
610,Manitoba,Data Analyst,103046,2023-03
611,Quebec,Business Analyst,53338,2023-01
612,Alberta,Data Scientist,52001,2023-11
613,Manitoba,Business Analyst,78396,2023-11
614,Manitoba,Data Scientist,49967,2023-01
615,Ontario,Data Scientist,90685,2023-12
616,Alberta,ML Engineer,55634,2023-11
617,Quebec,Business Analyst,57470,2023-07
618,Quebec,Data Analyst,79798,2023-04
619,Manitoba,Data Scientist,96933,2023-08
620,Manitoba,Business Analyst,74134,2023-06
621,Ontario,ML Engineer,95619,2023-04
622,Manitoba,Data Scientist,94884,2023-06
623,Quebec,Business Analyst,114893,2023-07
624,Ontario,Data Scientist,65966,2023-01
625,Ontario,Data Analyst,115518,2023-03
626,Quebec,Business Analyst,95180,2023-09
627,Alberta,Data Scientist,108289,2023-12
628,Alberta,Data Scientist,43187,2023-09
629,Alberta,Business Analyst,103113,2023-12
630,BC,Business Analyst,87469,2023-01
631,Alberta,Business Analyst,84817,2023-05
632,Ontario,Data Analyst,56592,2023-12
633,Quebec,Business Analyst,64920,2023-05
634,Ontario,ML Engineer,70516,2023-12
635,Manitoba,Data Analyst,43280,2023-06
636,Quebec,Business Analyst,109206,2023-12
637,Alberta,Business Analyst,85613,2023-07
638,Ontario,Data Analyst,114891,2023-01
639,Quebec,Data Scientist,66409,2023-11
640,Quebec,Data Scientist,99355,2023-09
641,Alberta,Data Analyst,64458,2023-05
642,Manitoba,Business Analyst,95598,2023-10
643,BC,Business Analyst,100692,2023-01
644,BC,Data Analyst,111329,2023-04
645,Quebec,Data Scientist,46850,2023-08
646,Alberta,ML Engineer,90119,2023-10
647,Ontario,Data Scientist,115488,2023-12
648,BC,Data Scientist,84678,2023-04
649,BC,Data Analyst,45816,2023-03
650,Quebec,ML Engineer,107137,2023-08
651,BC,ML Engineer,44558,2023-12
652,Quebec,Data Scientist,98638,2023-05
653,Quebec,Data Scientist,46344,2023-08
654,Manitoba,Data Scientist,45559,2023-02
655,BC,Business Analyst,107346,2023-07
656,BC,Business Analyst,79133,2023-01
657,Quebec,Data Analyst,113580,2023-07
658,Manitoba,Data Scientist,93165,2023-08
659,Alberta,Data Analyst,70732,2023-12
660,Quebec,ML Engineer,55352,2023-01
661,Quebec,ML Engineer,71319,2023-05
662,Ontario,ML Engineer,85846,2023-01
663,BC,Data Analyst,83226,2023-07
664,Alberta,Data Scientist,58166,2023-07
665,Ontario,Business Analyst,64454,2023-04
666,Quebec,Data Scientist,86189,2023-12
667,Manitoba,Data Scientist,47406,2023-04
668,BC,Business Analyst,111406,2023-09
669,Manitoba,Data Analyst,97958,2023-11
670,Manitoba,Data Analyst,90240,2023-10
671,Quebec,Business Analyst,99193,2023-07
672,Alberta,ML Engineer,51065,2023-09
673,Ontario,Data Analyst,85941,2023-02
674,Alberta,Data Analyst,113182,2023-09
675,BC,Data Analyst,90477,2023-12
676,Ontario,ML Engineer,97505,2023-03
677,Quebec,Data Scientist,79986,2023-11
678,Manitoba,Data Analyst,118956,2023-08
679,BC,Business Analyst,62665,2023-11
680,BC,Data Scientist,79140,2023-04
681,BC,Data Analyst,61525,2023-08
682,Quebec,Data Analyst,45344,2023-02
683,BC,Data Scientist,49826,2023-03
684,Quebec,Data Analyst,81340,2023-10
685,Ontario,Data Analyst,104447,2023-08
686,Ontario,Data Analyst,44076,2023-03
687,BC,ML Engineer,103838,2023-06
688,Ontario,ML Engineer,51747,2023-07
689,BC,Data Scientist,60740,2023-02
690,Alberta,ML Engineer,116898,2023-05
691,Ontario,ML Engineer,110348,2023-10
692,Quebec,Business Analyst,62216,2023-10
693,Ontario,Business Analyst,47397,2023-05
694,Quebec,Data Scientist,93645,2023-08
695,Ontario,Data Scientist,99378,2023-12
696,BC,Data Analyst,56935,2023-10
697,Ontario,ML Engineer,62023,2023-12
698,Ontario,Data Analyst,88648,2023-05
699,Alberta,Data Scientist,41506,2023-06
700,Manitoba,Business Analyst,43013,2023-06
701,Alberta,ML Engineer,75528,2023-08
702,Alberta,ML Engineer,110018,2023-12
703,Quebec,Data Scientist,112438,2023-09
704,Ontario,ML Engineer,93139,2023-07
705,Quebec,Data Scientist,67008,2023-06
706,Manitoba,ML Engineer,40436,2023-12
707,Ontario,Data Scientist,47679,2023-01
708,Quebec,Data Analyst,71620,2023-05
709,Quebec,Data Analyst,107080,2023-11
710,BC,Business Analyst,72874,2023-07
711,Quebec,Data Scientist,107942,2023-06
712,BC,Data Scientist,95216,2023-06
713,Quebec,Data Analyst,69387,2023-04
714,Quebec,Data Analyst,84211,2023-12
715,Quebec,Business Analyst,78203,2023-07
716,BC,Business Analyst,71385,2023-11
717,Manitoba,Data Analyst,63472,2023-01
718,Quebec,ML Engineer,65884,2023-08
719,Quebec,Data Analyst,40613,2023-05
720,BC,Data Scientist,90560,2023-08
721,BC,ML Engineer,114859,2023-05
722,Ontario,Business Analyst,68949,2023-09
723,BC,ML Engineer,109442,2023-08
724,Manitoba,ML Engineer,80772,2023-07
725,Quebec,ML Engineer,64197,2023-03
726,Quebec,Business Analyst,56836,2023-11
727,Alberta,ML Engineer,109815,2023-04
728,Manitoba,Business Analyst,66830,2023-01
729,Alberta,Data Scientist,75693,2023-11
730,Alberta,Data Scientist,102434,2023-11
731,Alberta,Business Analyst,47871,2023-10
732,BC,Business Analyst,111355,2023-05
733,Manitoba,Data Analyst,70340,2023-07
734,BC,ML Engineer,90071,2023-11
735,Alberta,Data Analyst,62277,2023-05
736,Quebec,Data Analyst,90021,2023-05
737,Manitoba,Data Analyst,110306,2023-03
738,BC,ML Engineer,87618,2023-11
739,Manitoba,Data Scientist,74872,2023-08
740,BC,ML Engineer,44805,2023-12
741,Quebec,Data Analyst,59969,2023-04
742,Alberta,Data Scientist,106508,2023-08
743,Manitoba,Data Scientist,67577,2023-01
744,Ontario,ML Engineer,103847,2023-05
745,BC,Business Analyst,75867,2023-07
746,Alberta,Data Analyst,72960,2023-02
747,Quebec,Data Analyst,99633,2023-09
748,BC,Data Analyst,86355,2023-10
749,Manitoba,Data Scientist,60362,2023-09
750,Manitoba,Business Analyst,88092,2023-06
751,Quebec,Business Analyst,119274,2023-01
752,Alberta,Business Analyst,93040,2023-11
753,Alberta,ML Engineer,46188,2023-09
754,BC,Business Analyst,90425,2023-12
755,Quebec,Business Analyst,107762,2023-12
756,BC,Data Analyst,90078,2023-01
757,Manitoba,Business Analyst,76807,2023-06
758,BC,ML Engineer,73659,2023-02
759,Alberta,Business Analyst,45193,2023-10
760,Alberta,Business Analyst,97271,2023-08
761,Quebec,ML Engineer,113413,2023-08
762,Ontario,ML Engineer,73891,2023-10
763,BC,Data Analyst,76256,2023-03
764,Alberta,Data Scientist,45225,2023-07
765,Alberta,Data Scientist,66467,2023-03
766,Alberta,Business Analyst,85959,2023-05
767,Manitoba,Data Scientist,116784,2023-06
768,BC,ML Engineer,113655,2023-03
769,Alberta,Business Analyst,59298,2023-08
770,BC,Data Scientist,73480,2023-11
771,Ontario,ML Engineer,40099,2023-04
772,Alberta,Business Analyst,98236,2023-04
773,Ontario,ML Engineer,43670,2023-05
774,Alberta,ML Engineer,44875,2023-07
775,Ontario,Business Analyst,87847,2023-09
776,Ontario,Data Analyst,100414,2023-01
777,BC,Data Analyst,117651,2023-01
778,Ontario,Data Scientist,59758,2023-10
779,Manitoba,Data Scientist,95904,2023-12
780,BC,Data Scientist,54230,2023-10
781,Alberta,ML Engineer,109146,2023-01
782,Manitoba,ML Engineer,44051,2023-10
783,BC,Data Scientist,51281,2023-01
784,Ontario,Data Analyst,96768,2023-05
785,Quebec,Data Scientist,43892,2023-07
786,BC,Business Analyst,114337,2023-04
787,Alberta,ML Engineer,72689,2023-12
788,Quebec,ML Engineer,103812,2023-01
789,Quebec,Business Analyst,62360,2023-01
790,Quebec,Data Analyst,112307,2023-03
791,Ontario,Data Analyst,110400,2023-07
792,Alberta,Data Analyst,84342,2023-10
793,Ontario,Business Analyst,87646,2023-11
794,Alberta,Data Scientist,71390,2023-12
795,Alberta,ML Engineer,59295,2023-10
796,Manitoba,Business Analyst,49736,2023-04
797,Ontario,Business Analyst,103452,2023-06
798,Manitoba,ML Engineer,60177,2023-05
799,Ontario,Business Analyst,87552,2023-01
800,Quebec,Data Analyst,50398,2023-03
801,Alberta,Business Analyst,57880,2023-03
802,Ontario,Data Analyst,64881,2023-12
803,BC,Data Analyst,57677,2023-05
804,Manitoba,ML Engineer,103172,2023-01
805,Alberta,Data Analyst,108182,2023-06
806,Ontario,Business Analyst,57513,2023-02
807,BC,Data Analyst,119503,2023-07
808,Quebec,Data Scientist,68255,2023-07
809,Quebec,Data Analyst,95575,2023-01
810,Ontario,Data Scientist,105853,2023-09
811,BC,Business Analyst,99951,2023-03
812,BC,Data Scientist,100690,2023-01
813,Alberta,Data Scientist,117594,2023-03
814,Alberta,ML Engineer,56961,2023-03
815,Manitoba,Data Scientist,60647,2023-12
816,Ontario,ML Engineer,86267,2023-12
817,BC,Business Analyst,75368,2023-12
818,BC,Data Analyst,70287,2023-08
819,Manitoba,ML Engineer,54524,2023-10
820,Alberta,Data Analyst,109183,2023-01
821,Quebec,ML Engineer,54917,2023-03
822,Alberta,ML Engineer,41134,2023-06
823,Ontario,Data Analyst,67440,2023-02
824,Manitoba,Data Scientist,110911,2023-02
825,Manitoba,Data Analyst,40514,2023-03
826,Alberta,ML Engineer,118840,2023-09
827,Quebec,Data Scientist,56960,2023-02
828,Ontario,Business Analyst,112512,2023-12
829,Alberta,Data Analyst,59199,2023-11
830,Alberta,Data Scientist,76541,2023-12
831,BC,ML Engineer,94978,2023-02
832,Quebec,Data Analyst,54000,2023-06
833,Ontario,Data Analyst,90021,2023-02
834,Quebec,Data Analyst,72675,2023-03
835,Quebec,Business Analyst,71903,2023-01
836,Ontario,Data Analyst,42634,2023-04
837,Quebec,Business Analyst,81978,2023-12
838,Ontario,ML Engineer,79585,2023-04
839,BC,Data Analyst,75630,2023-06
840,Manitoba,Business Analyst,45914,2023-06
841,Quebec,ML Engineer,44552,2023-03
842,Manitoba,ML Engineer,110914,2023-11
843,Manitoba,Data Scientist,42103,2023-05
844,BC,Data Analyst,46694,2023-01
845,Manitoba,Data Analyst,88964,2023-01
846,Alberta,Business Analyst,91783,2023-08
847,Alberta,Data Scientist,61946,2023-10
848,Manitoba,ML Engineer,84747,2023-02
849,Quebec,Business Analyst,62263,2023-12
850,Quebec,Data Scientist,112047,2023-08
851,Quebec,Business Analyst,57099,2023-04
852,Quebec,ML Engineer,109273,2023-10
853,Manitoba,Business Analyst,58836,2023-09
854,Quebec,ML Engineer,54042,2023-01
855,Manitoba,ML Engineer,96390,2023-01
856,BC,ML Engineer,117689,2023-03
857,Quebec,Data Scientist,107939,2023-11
858,Alberta,Business Analyst,52743,2023-09
859,Manitoba,Data Scientist,71854,2023-06
860,BC,Business Analyst,58578,2023-03
861,Ontario,Business Analyst,81868,2023-04
862,BC,Data Analyst,85396,2023-01
863,Manitoba,Data Analyst,43476,2023-06
864,BC,Data Scientist,99281,2023-12
865,Manitoba,Data Scientist,46810,2023-07
866,Manitoba,Business Analyst,46086,2023-02
867,Alberta,Data Analyst,117151,2023-04
868,Quebec,Business Analyst,97158,2023-11
869,Alberta,Business Analyst,72739,2023-08
870,Alberta,Data Analyst,115840,2023-07
871,BC,Business Analyst,49437,2023-07
872,Manitoba,Business Analyst,72836,2023-01
873,Manitoba,Data Scientist,54634,2023-11
874,Manitoba,Business Analyst,51063,2023-01
875,Manitoba,Data Scientist,95542,2023-01
876,BC,Business Analyst,40315,2023-02
877,Ontario,Business Analyst,107664,2023-09
878,BC,ML Engineer,83569,2023-09
879,Ontario,Business Analyst,91530,2023-08
880,Ontario,Business Analyst,56821,2023-11
881,Quebec,Data Scientist,100447,2023-07
882,Manitoba,Data Scientist,90413,2023-05
883,BC,ML Engineer,82219,2023-02
884,Ontario,Data Scientist,47944,2023-12
885,BC,Business Analyst,72415,2023-03
886,Manitoba,ML Engineer,58117,2023-02
887,Manitoba,ML Engineer,85033,2023-11
888,Manitoba,ML Engineer,50388,2023-06
889,Quebec,Business Analyst,84768,2023-07
890,Quebec,Data Analyst,52814,2023-01
891,Manitoba,ML Engineer,63559,2023-02
892,Manitoba,Data Analyst,97443,2023-12
893,Quebec,Business Analyst,105484,2023-06
894,BC,Data Analyst,106195,2023-03
895,Ontario,Data Scientist,73557,2023-06
896,Alberta,Data Analyst,49352,2023-09
897,Quebec,Business Analyst,89520,2023-04
898,Manitoba,ML Engineer,106142,2023-07
899,Ontario,Business Analyst,113242,2023-12
900,Alberta,Business Analyst,80811,2023-07
901,Quebec,ML Engineer,69969,2023-11
902,Manitoba,Data Scientist,112009,2023-07
903,Quebec,Data Scientist,118258,2023-09
904,Quebec,Data Analyst,92242,2023-08
905,Quebec,Business Analyst,66813,2023-10
906,BC,Data Analyst,91857,2023-05
907,Manitoba,Data Analyst,114913,2023-04
908,Ontario,Data Analyst,70369,2023-09
909,BC,Business Analyst,105438,2023-01
910,Alberta,ML Engineer,59807,2023-09
911,Quebec,Data Analyst,108166,2023-06
912,Ontario,ML Engineer,53967,2023-09
913,Quebec,Data Scientist,86165,2023-05
914,BC,Data Scientist,41585,2023-09
915,Manitoba,Data Analyst,44392,2023-01
916,BC,ML Engineer,80818,2023-07
917,Alberta,ML Engineer,49825,2023-02
918,Alberta,ML Engineer,95591,2023-11
919,Quebec,Data Analyst,44565,2023-04
920,BC,Data Scientist,106784,2023-11
921,Quebec,ML Engineer,77749,2023-04
922,Alberta,Data Analyst,55607,2023-07
923,BC,ML Engineer,89902,2023-09
924,Quebec,Business Analyst,110461,2023-05
925,Ontario,Business Analyst,49728,2023-05
926,Manitoba,Business Analyst,73131,2023-06
927,Ontario,ML Engineer,109530,2023-03
928,Quebec,Business Analyst,79256,2023-04
929,BC,Data Analyst,100863,2023-05
930,Quebec,ML Engineer,95178,2023-08
931,Quebec,Data Scientist,67850,2023-10
932,Ontario,ML Engineer,116622,2023-05
933,Quebec,Data Scientist,58379,2023-04
934,BC,Data Scientist,74799,2023-05
935,Ontario,Data Analyst,117046,2023-05
936,Manitoba,Data Analyst,69549,2023-03
937,Quebec,Data Scientist,113900,2023-05
938,Manitoba,Business Analyst,100326,2023-09
939,Alberta,Business Analyst,84012,2023-08
940,Ontario,Business Analyst,42495,2023-05
941,Quebec,ML Engineer,52387,2023-02
942,Ontario,Data Scientist,73392,2023-07
943,BC,Data Scientist,75647,2023-02
944,Alberta,ML Engineer,56666,2023-11
945,Ontario,Business Analyst,49905,2023-05
946,Alberta,Data Scientist,98260,2023-08
947,Alberta,ML Engineer,53264,2023-08
948,Quebec,Data Analyst,42582,2023-12
949,Quebec,Business Analyst,119508,2023-10
950,Quebec,Business Analyst,93810,2023-07
951,Ontario,ML Engineer,42398,2023-06
952,BC,ML Engineer,79988,2023-04
953,BC,Data Scientist,110089,2023-10
954,Ontario,Business Analyst,66342,2023-05
955,BC,Business Analyst,102892,2023-01
956,Quebec,Data Analyst,58349,2023-09
957,Ontario,Data Analyst,77040,2023-09
958,Quebec,Business Analyst,107822,2023-05
959,Alberta,Data Analyst,41103,2023-02
960,Manitoba,Data Analyst,66972,2023-06
961,BC,Data Analyst,41084,2023-06
962,Manitoba,Business Analyst,112496,2023-08
963,Ontario,Data Analyst,63220,2023-05
964,Alberta,Data Scientist,86025,2023-10
965,Manitoba,Business Analyst,54845,2023-07
966,Manitoba,Business Analyst,64699,2023-03
967,Ontario,Data Analyst,114363,2023-08
968,Alberta,Data Scientist,58106,2023-10
969,Quebec,Data Analyst,110571,2023-07
970,BC,ML Engineer,51880,2023-05
971,Ontario,ML Engineer,41215,2023-03
972,BC,Business Analyst,102235,2023-11
973,Quebec,ML Engineer,60672,2023-01
974,BC,Data Scientist,58684,2023-12
975,Manitoba,Data Analyst,116534,2023-04
976,Quebec,ML Engineer,110563,2023-09
977,Ontario,ML Engineer,49744,2023-04
978,BC,Business Analyst,77825,2023-06
979,Alberta,Data Analyst,96869,2023-10
980,Manitoba,Data Analyst,52520,2023-10
981,BC,Data Analyst,90228,2023-10
982,Quebec,Data Analyst,97567,2023-08
983,BC,ML Engineer,50105,2023-04
984,BC,Data Scientist,61004,2023-04
985,Ontario,Business Analyst,62058,2023-11
986,Quebec,Data Analyst,69934,2023-04
987,Ontario,ML Engineer,95909,2023-03
988,Manitoba,Data Scientist,50445,2023-04
989,Manitoba,Data Analyst,105115,2023-09
990,BC,Business Analyst,49938,2023-02
991,BC,Data Scientist,82498,2023-10
992,Quebec,Data Analyst,53568,2023-02
993,Alberta,Business Analyst,56256,2023-02
994,Manitoba,Data Analyst,55672,2023-06
995,Ontario,Business Analyst,115998,2023-01
996,BC,ML Engineer,72486,2023-12
997,Manitoba,ML Engineer,59765,2023-09
998,Manitoba,Business Analyst,60422,2023-02
999,Ontario,ML Engineer,64056,2023-01
1000,Ontario,Data Analyst,85075,2023-02
1001,BC,Data Scientist,97058,2023-06
1002,Quebec,ML Engineer,109465,2023-04
1003,Manitoba,Data Scientist,75335,2023-03
1004,Quebec,Data Analyst,105720,2023-08
1005,BC,Business Analyst,76595,2023-07
1006,Ontario,ML Engineer,46318,2023-04
1007,Quebec,Business Analyst,77040,2023-05
1008,Manitoba,Data Scientist,68465,2023-01
1009,Quebec,Data Scientist,89021,2023-01
1010,Alberta,Data Scientist,80724,2023-03
1011,Ontario,Business Analyst,111719,2023-01
1012,Quebec,Data Analyst,64720,2023-03
1013,Alberta,Data Analyst,81014,2023-07
1014,Manitoba,ML Engineer,45925,2023-05
1015,Ontario,ML Engineer,48443,2023-08
1016,Alberta,Business Analyst,81416,2023-12
1017,Ontario,Data Analyst,65179,2023-07
1018,Ontario,Business Analyst,97089,2023-02
1019,Ontario,Data Scientist,49299,2023-03
1020,Quebec,Data Scientist,56151,2023-09
1021,Manitoba,ML Engineer,117626,2023-02
1022,Alberta,Business Analyst,68210,2023-07
1023,BC,Data Scientist,54424,2023-02
1024,Quebec,Data Analyst,55064,2023-02
1025,BC,Business Analyst,75099,2023-03
1026,BC,ML Engineer,83493,2023-01
1027,Alberta,Data Analyst,75982,2023-06
1028,Alberta,Data Analyst,63682,2023-09
1029,BC,Business Analyst,61041,2023-10
1030,Alberta,ML Engineer,99204,2023-04
1031,BC,Business Analyst,97321,2023-09
1032,Manitoba,Data Analyst,46832,2023-10
1033,Quebec,Business Analyst,96331,2023-02
1034,Ontario,Data Analyst,89301,2023-06
1035,BC,Data Scientist,105858,2023-05
1036,Ontario,ML Engineer,114350,2023-10
1037,Manitoba,ML Engineer,51798,2023-05
1038,Quebec,Data Analyst,67802,2023-09
1039,Ontario,Data Analyst,81548,2023-05
1040,Ontario,Data Analyst,74191,2023-11
1041,Quebec,Data Scientist,69662,2023-02
1042,Manitoba,Data Scientist,99913,2023-04
1043,Manitoba,Data Analyst,56116,2023-07
1044,Quebec,Data Analyst,118495,2023-02
1045,Manitoba,ML Engineer,68595,2023-09
1046,Manitoba,ML Engineer,106322,2023-11
1047,Manitoba,Data Scientist,72531,2023-10
1048,BC,ML Engineer,55403,2023-04
1049,Manitoba,Business Analyst,88086,2023-01
1050,Manitoba,ML Engineer,112586,2023-09
1051,Quebec,Data Analyst,102427,2023-08
1052,Quebec,ML Engineer,78360,2023-08
1053,BC,ML Engineer,99395,2023-12
1054,Manitoba,Business Analyst,62158,2023-07
1055,Ontario,Business Analyst,78479,2023-07
1056,Quebec,ML Engineer,110846,2023-02
1057,Quebec,Data Analyst,69103,2023-09
1058,Ontario,Business Analyst,41975,2023-10
1059,Quebec,Data Analyst,107781,2023-10
1060,Alberta,ML Engineer,91822,2023-08
1061,BC,ML Engineer,91050,2023-09
1062,Alberta,Data Analyst,90635,2023-04
1063,Ontario,Data Analyst,117537,2023-09
1064,Quebec,Data Analyst,102205,2023-09
1065,Ontario,Data Scientist,75129,2023-07
1066,Quebec,Business Analyst,118365,2023-04
1067,Manitoba,Business Analyst,78841,2023-01
1068,Quebec,ML Engineer,40619,2023-10
1069,BC,ML Engineer,86374,2023-09
1070,Quebec,Data Scientist,82836,2023-10
1071,Ontario,Data Analyst,77639,2023-03
1072,Quebec,Data Scientist,52323,2023-07
1073,Ontario,ML Engineer,54661,2023-02
1074,BC,Data Analyst,106830,2023-03
1075,BC,ML Engineer,66423,2023-06
1076,Ontario,Data Analyst,95477,2023-12
1077,BC,Data Scientist,73216,2023-11
1078,BC,Business Analyst,46038,2023-05
1079,Ontario,Business Analyst,70001,2023-02
1080,Manitoba,Data Analyst,116078,2023-03
1081,Quebec,Data Scientist,112304,2023-04
1082,Ontario,Business Analyst,43780,2023-04
1083,Ontario,Business Analyst,77474,2023-10
1084,BC,Data Scientist,57009,2023-11
1085,Alberta,ML Engineer,90042,2023-02
1086,Ontario,Data Scientist,44144,2023-01
1087,Manitoba,Data Scientist,74297,2023-08
1088,Manitoba,Business Analyst,78764,2023-03
1089,Quebec,ML Engineer,52343,2023-06
1090,Manitoba,ML Engineer,74636,2023-02
1091,BC,Business Analyst,70657,2023-08
1092,BC,Data Analyst,101063,2023-05
1093,Ontario,Data Scientist,78160,2023-02
1094,Quebec,Business Analyst,94441,2023-04
1095,Manitoba,Data Scientist,87104,2023-07
1096,Manitoba,Business Analyst,99991,2023-12
1097,Quebec,Data Scientist,117061,2023-09
1098,BC,Business Analyst,93617,2023-05
1099,Ontario,Business Analyst,60524,2023-09
1100,Manitoba,Data Scientist,106571,2023-02
1101,Ontario,Data Scientist,86178,2023-10
1102,BC,Data Analyst,113884,2023-10
1103,Manitoba,Data Scientist,98925,2023-07
1104,BC,ML Engineer,43861,2023-05
1105,BC,ML Engineer,108585,2023-05
1106,BC,Data Analyst,80737,2023-12
1107,Manitoba,Business Analyst,87788,2023-11
1108,Quebec,Data Analyst,113355,2023-04
1109,Manitoba,ML Engineer,89106,2023-09
1110,Ontario,Data Scientist,85961,2023-09
1111,Ontario,ML Engineer,102475,2023-12
1112,BC,ML Engineer,72001,2023-05
1113,Manitoba,Business Analyst,47115,2023-03
1114,BC,Data Analyst,108896,2023-10
1115,Alberta,Data Analyst,108134,2023-04
1116,Alberta,Business Analyst,86722,2023-11
1117,BC,Data Scientist,71645,2023-02
1118,Manitoba,Business Analyst,54380,2023-05
1119,BC,Data Scientist,110540,2023-10
1120,BC,Data Scientist,107895,2023-10
1121,Alberta,Business Analyst,81398,2023-11
1122,BC,ML Engineer,65466,2023-12
1123,Quebec,ML Engineer,85988,2023-03
1124,Quebec,Business Analyst,57216,2023-08
1125,Alberta,Data Scientist,74416,2023-10
1126,Manitoba,Data Scientist,59332,2023-11
1127,Quebec,ML Engineer,94238,2023-05
1128,Manitoba,ML Engineer,83031,2023-02
1129,Quebec,Data Scientist,71256,2023-09
1130,Quebec,Data Scientist,68677,2023-04
1131,Ontario,Business Analyst,92948,2023-01
1132,BC,ML Engineer,101533,2023-01
1133,Ontario,Data Analyst,109860,2023-12
1134,Ontario,ML Engineer,44659,2023-08
1135,Manitoba,Data Scientist,86772,2023-12
1136,Alberta,Data Scientist,115868,2023-07
1137,Manitoba,ML Engineer,91461,2023-05
1138,Alberta,Business Analyst,52420,2023-12
1139,Ontario,Data Analyst,87652,2023-10
1140,Alberta,ML Engineer,116681,2023-02
1141,Quebec,Data Scientist,67691,2023-11
1142,Quebec,ML Engineer,114906,2023-09
1143,Alberta,ML Engineer,87819,2023-06
1144,Ontario,ML Engineer,98812,2023-02
1145,BC,Data Analyst,46272,2023-12
1146,Alberta,Data Scientist,89966,2023-11
1147,Manitoba,Data Analyst,51072,2023-03
1148,Manitoba,ML Engineer,101456,2023-11
1149,Ontario,Business Analyst,84197,2023-07
1150,BC,Business Analyst,41912,2023-08
1151,Ontario,Data Analyst,62889,2023-04
1152,Quebec,Data Analyst,44046,2023-04
1153,BC,Data Scientist,58438,2023-08
1154,Quebec,Business Analyst,97322,2023-02
1155,Ontario,Data Analyst,118236,2023-06
1156,Manitoba,Data Scientist,107701,2023-09
1157,Alberta,Data Scientist,107721,2023-01
1158,Manitoba,ML Engineer,58159,2023-08
1159,Quebec,Data Analyst,91927,2023-06
1160,Quebec,ML Engineer,94196,2023-03
1161,Manitoba,Business Analyst,98190,2023-06
1162,Quebec,Business Analyst,106928,2023-04
1163,Manitoba,Data Scientist,52918,2023-01
1164,Alberta,Business Analyst,74011,2023-02
1165,Manitoba,Data Scientist,42065,2023-12
1166,Ontario,Business Analyst,47654,2023-01
1167,Alberta,ML Engineer,86866,2023-02
1168,Ontario,Data Analyst,58230,2023-01
1169,Alberta,Data Scientist,100521,2023-04
1170,Quebec,Business Analyst,91747,2023-01
1171,Quebec,ML Engineer,47115,2023-07
1172,Quebec,Business Analyst,114503,2023-05
1173,Alberta,Data Analyst,55118,2023-04
1174,Manitoba,Data Analyst,65844,2023-08
1175,Quebec,Business Analyst,73793,2023-10
1176,Ontario,ML Engineer,80103,2023-05
1177,Ontario,ML Engineer,109330,2023-07
1178,BC,Data Scientist,49984,2023-02
1179,Ontario,ML Engineer,93236,2023-08
1180,Quebec,Data Scientist,102118,2023-02
1181,BC,Business Analyst,113493,2023-08
1182,Alberta,ML Engineer,89033,2023-09
1183,Manitoba,Data Scientist,67233,2023-11
1184,Quebec,Data Analyst,104924,2023-08
1185,Manitoba,ML Engineer,47217,2023-04
1186,Manitoba,Data Scientist,71906,2023-07
1187,Quebec,Data Scientist,117267,2023-07
1188,Alberta,Business Analyst,109923,2023-03
1189,BC,Business Analyst,99191,2023-12
1190,Manitoba,ML Engineer,109489,2023-06
1191,Ontario,Data Analyst,72038,2023-04
1192,BC,Business Analyst,81271,2023-04
1193,BC,Business Analyst,45914,2023-08
1194,Quebec,ML Engineer,49115,2023-11
1195,Ontario,Data Analyst,119245,2023-08
1196,Alberta,Data Scientist,56424,2023-01
1197,Manitoba,ML Engineer,83020,2023-08
1198,Ontario,Business Analyst,85173,2023-06
1199,BC,Business Analyst,69835,2023-05
1200,Alberta,Business Analyst,93506,2023-05
1201,BC,Data Scientist,42226,2023-01
1202,Quebec,Business Analyst,41402,2023-10
1203,Manitoba,ML Engineer,119693,2023-01
1204,Manitoba,Business Analyst,107468,2023-09
1205,Manitoba,Data Analyst,60805,2023-02
1206,BC,ML Engineer,84262,2023-01
1207,Ontario,Business Analyst,110647,2023-07
1208,Ontario,ML Engineer,79784,2023-12
1209,Manitoba,Data Scientist,59343,2023-10
1210,BC,Data Scientist,114595,2023-10
1211,Quebec,ML Engineer,41789,2023-02
1212,Manitoba,ML Engineer,68771,2023-09
1213,Alberta,Business Analyst,85266,2023-02
1214,BC,ML Engineer,114961,2023-10
1215,Alberta,ML Engineer,64583,2023-03
1216,Alberta,Business Analyst,78828,2023-09
1217,Alberta,Data Analyst,85228,2023-05
1218,BC,Data Scientist,71597,2023-10
1219,Ontario,Business Analyst,118064,2023-06
1220,Alberta,Business Analyst,68402,2023-07
1221,Quebec,Data Analyst,82266,2023-05
1222,Manitoba,Business Analyst,72429,2023-08
1223,Manitoba,Data Scientist,70462,2023-01
1224,Quebec,Business Analyst,79043,2023-10
1225,BC,ML Engineer,58193,2023-07
1226,Ontario,Data Scientist,114640,2023-03
1227,Ontario,Data Analyst,99860,2023-10
1228,Manitoba,Business Analyst,53100,2023-03
1229,Ontario,Business Analyst,63819,2023-03
1230,Alberta,Business Analyst,91752,2023-05
1231,BC,Business Analyst,66918,2023-12
1232,Ontario,Data Analyst,75344,2023-05
1233,BC,Business Analyst,89005,2023-02
1234,Manitoba,Data Scientist,112495,2023-09
1235,Ontario,Business Analyst,90455,2023-10
1236,Manitoba,ML Engineer,101007,2023-05
1237,Ontario,Data Analyst,64093,2023-12
1238,Alberta,ML Engineer,87941,2023-12
1239,BC,Data Analyst,106688,2023-02
1240,Ontario,Data Analyst,52586,2023-12
1241,Alberta,Business Analyst,80524,2023-07
1242,Alberta,Data Scientist,44370,2023-08
1243,Alberta,Data Scientist,118842,2023-08
1244,BC,Data Analyst,93500,2023-10
1245,BC,ML Engineer,65977,2023-01
1246,Ontario,Business Analyst,62370,2023-12
1247,Manitoba,Data Scientist,99646,2023-03
1248,Quebec,ML Engineer,78807,2023-08
1249,Ontario,ML Engineer,93436,2023-02
1250,Manitoba,Business Analyst,50815,2023-02
1251,Quebec,Data Scientist,63508,2023-05
1252,Ontario,Data Scientist,116540,2023-05
1253,Manitoba,Data Analyst,46489,2023-10
1254,Ontario,Data Scientist,63462,2023-07
1255,Alberta,Data Scientist,68296,2023-09
1256,Manitoba,Business Analyst,101347,2023-09
1257,BC,Data Scientist,52426,2023-07
1258,Ontario,Business Analyst,109932,2023-06
1259,Ontario,Business Analyst,63455,2023-03
1260,Ontario,Data Analyst,73109,2023-08
1261,Quebec,Business Analyst,48455,2023-03
1262,BC,Data Scientist,62461,2023-10
1263,Quebec,Business Analyst,85944,2023-12
1264,BC,Data Analyst,56289,2023-09
1265,Manitoba,Business Analyst,119196,2023-03
1266,BC,Data Analyst,50642,2023-01
1267,Alberta,Business Analyst,79084,2023-08
1268,Quebec,Business Analyst,96363,2023-09
1269,Alberta,Data Analyst,40333,2023-12
1270,Alberta,ML Engineer,62620,2023-12
1271,Quebec,Data Scientist,89619,2023-01
1272,Quebec,Data Scientist,96099,2023-09
1273,Alberta,Data Scientist,48628,2023-06
1274,Quebec,Data Scientist,78679,2023-04
1275,BC,Business Analyst,41754,2023-03
1276,Manitoba,Data Analyst,76081,2023-12
1277,Manitoba,Business Analyst,110496,2023-10
1278,Ontario,Data Scientist,63477,2023-08
1279,Alberta,Business Analyst,63784,2023-11
1280,Alberta,Business Analyst,44746,2023-12
1281,BC,Business Analyst,82755,2023-10
1282,BC,ML Engineer,85198,2023-05
1283,Ontario,Data Scientist,72324,2023-08
1284,Ontario,ML Engineer,77508,2023-11
1285,Quebec,Data Scientist,82307,2023-07
1286,Ontario,Business Analyst,60504,2023-07
1287,Alberta,Business Analyst,81189,2023-12
1288,Manitoba,ML Engineer,62825,2023-08
1289,BC,ML Engineer,51907,2023-01
1290,Quebec,ML Engineer,49704,2023-10
1291,Alberta,Business Analyst,72483,2023-03
1292,Alberta,Data Scientist,109582,2023-07
1293,BC,ML Engineer,93866,2023-08
1294,Manitoba,Data Scientist,102787,2023-03
1295,BC,ML Engineer,100563,2023-02
1296,Alberta,Business Analyst,81402,2023-08
1297,Alberta,Data Analyst,66619,2023-11
1298,Manitoba,ML Engineer,107160,2023-10
1299,Alberta,Data Analyst,107598,2023-01
1300,Ontario,Business Analyst,44146,2023-10
1301,Manitoba,Data Analyst,41547,2023-01
1302,Ontario,Data Analyst,49036,2023-10
1303,Manitoba,Business Analyst,94467,2023-10
1304,Alberta,Data Analyst,111167,2023-09
1305,Quebec,Data Scientist,101062,2023-12
1306,Ontario,Data Scientist,117853,2023-08
1307,Ontario,Business Analyst,82937,2023-11
1308,Alberta,Data Scientist,68513,2023-12
1309,Quebec,ML Engineer,54387,2023-03
1310,Quebec,ML Engineer,51032,2023-02
1311,BC,Business Analyst,110735,2023-04
1312,Manitoba,ML Engineer,103503,2023-02
1313,BC,ML Engineer,104537,2023-10
1314,Alberta,Data Analyst,41698,2023-08
1315,Manitoba,Business Analyst,92750,2023-08
1316,BC,Business Analyst,65085,2023-09
1317,BC,Data Analyst,69171,2023-12
1318,Alberta,Business Analyst,58123,2023-05
1319,Alberta,Business Analyst,110617,2023-10
1320,BC,Data Scientist,108447,2023-12
1321,BC,ML Engineer,41653,2023-04
1322,Quebec,Data Scientist,77308,2023-09
1323,Alberta,Business Analyst,54134,2023-11
1324,Alberta,ML Engineer,80748,2023-08
1325,Quebec,ML Engineer,117890,2023-03
1326,Quebec,Data Analyst,63172,2023-11
1327,Quebec,Data Scientist,81831,2023-04
1328,Manitoba,Data Analyst,77861,2023-11
1329,Manitoba,Data Analyst,89904,2023-05
1330,Alberta,Business Analyst,73687,2023-08
1331,BC,Data Analyst,51139,2023-12
1332,Quebec,Data Analyst,119389,2023-12
1333,Manitoba,ML Engineer,111611,2023-02
1334,Ontario,ML Engineer,113775,2023-03
1335,Alberta,Data Analyst,85671,2023-08
1336,Alberta,ML Engineer,72656,2023-03
1337,Quebec,ML Engineer,98319,2023-02
1338,Ontario,Data Scientist,47738,2023-09
1339,Alberta,Data Scientist,107062,2023-07
1340,BC,ML Engineer,119348,2023-07
1341,Ontario,Business Analyst,81126,2023-07
1342,Quebec,Business Analyst,63775,2023-06
1343,Ontario,Data Scientist,119050,2023-07
1344,Manitoba,ML Engineer,69591,2023-12
1345,BC,Data Analyst,43545,2023-04
1346,Quebec,Business Analyst,70411,2023-09
1347,Ontario,Business Analyst,83984,2023-04
1348,Manitoba,Business Analyst,67436,2023-01
1349,Manitoba,Data Scientist,54912,2023-04
1350,Quebec,Data Analyst,55709,2023-06
1351,Alberta,ML Engineer,56862,2023-09
1352,Manitoba,Data Analyst,98087,2023-07
1353,BC,Business Analyst,118090,2023-05
1354,Ontario,Business Analyst,56779,2023-02
1355,BC,Business Analyst,115998,2023-03
1356,Ontario,Business Analyst,115745,2023-11
1357,Quebec,Data Analyst,88132,2023-05
1358,Ontario,Data Analyst,48068,2023-08
1359,Manitoba,Data Scientist,80639,2023-05
1360,Quebec,ML Engineer,80573,2023-12
1361,BC,Data Scientist,105319,2023-02
1362,Quebec,Data Analyst,56306,2023-12
1363,Alberta,Business Analyst,74446,2023-03
1364,Quebec,Business Analyst,92590,2023-10
1365,BC,Business Analyst,100376,2023-01
1366,Manitoba,Data Scientist,68124,2023-04
1367,BC,Data Analyst,107431,2023-01
1368,Manitoba,Data Scientist,118388,2023-06
1369,BC,Data Scientist,63725,2023-12
1370,Alberta,ML Engineer,68602,2023-12
1371,Quebec,ML Engineer,100743,2023-03
1372,Ontario,ML Engineer,84017,2023-01
1373,Alberta,Business Analyst,65869,2023-08
1374,Alberta,ML Engineer,50963,2023-09
1375,Manitoba,Data Scientist,84431,2023-03
1376,Quebec,Data Scientist,78756,2023-01
1377,Alberta,ML Engineer,48180,2023-04
1378,Quebec,Data Analyst,117508,2023-12
1379,BC,ML Engineer,75766,2023-05
1380,BC,Data Analyst,73915,2023-05
1381,Ontario,Data Scientist,72812,2023-05
1382,Alberta,Business Analyst,50871,2023-10
1383,Alberta,ML Engineer,49173,2023-07
1384,BC,Business Analyst,101166,2023-11
1385,BC,Business Analyst,111321,2023-10
1386,Alberta,ML Engineer,75696,2023-01
1387,Quebec,Data Analyst,110355,2023-10
1388,Alberta,Data Scientist,115578,2023-11
1389,Alberta,Data Scientist,41557,2023-03
1390,BC,ML Engineer,45480,2023-07
1391,Alberta,ML Engineer,42565,2023-10
1392,Ontario,Data Analyst,67485,2023-06
1393,Alberta,Data Scientist,104768,2023-04
1394,Ontario,Data Scientist,47331,2023-09
1395,Manitoba,Data Analyst,91884,2023-02
1396,Manitoba,Data Analyst,69207,2023-09
1397,Manitoba,Data Scientist,70386,2023-09
1398,BC,Business Analyst,86164,2023-08
1399,Ontario,Data Scientist,71809,2023-12
1400,Quebec,Data Analyst,91522,2023-06
1401,Manitoba,Data Analyst,81910,2023-11
1402,Ontario,Data Analyst,93160,2023-02
1403,Manitoba,ML Engineer,71332,2023-08
1404,Manitoba,Business Analyst,53310,2023-12
1405,Quebec,Data Analyst,86921,2023-04
1406,Ontario,Business Analyst,109555,2023-12
1407,Alberta,Data Scientist,118297,2023-12
1408,Ontario,Data Analyst,110457,2023-01
1409,Manitoba,Data Scientist,41010,2023-12
1410,Alberta,ML Engineer,90367,2023-04
1411,BC,ML Engineer,75212,2023-02
1412,Manitoba,Data Scientist,54703,2023-03
1413,BC,Data Analyst,101483,2023-12
1414,BC,Data Scientist,117253,2023-06
1415,Ontario,ML Engineer,107074,2023-12
1416,Ontario,Data Analyst,90555,2023-01
1417,BC,Business Analyst,49089,2023-02
1418,Manitoba,Data Scientist,57050,2023-10
1419,BC,Data Scientist,63239,2023-05
1420,Quebec,Business Analyst,66680,2023-05
1421,Alberta,Business Analyst,110845,2023-02
1422,Manitoba,Data Analyst,95381,2023-06
1423,Alberta,Business Analyst,119517,2023-05
1424,Ontario,Data Analyst,78512,2023-05
1425,Alberta,ML Engineer,78980,2023-02
1426,Manitoba,Data Analyst,55049,2023-09
1427,Manitoba,Data Scientist,80767,2023-04
1428,Ontario,Data Analyst,92242,2023-12
1429,Quebec,Business Analyst,114349,2023-01
1430,Ontario,Business Analyst,111322,2023-01
1431,BC,Data Analyst,71109,2023-05
1432,Quebec,ML Engineer,70340,2023-02
1433,Quebec,ML Engineer,108370,2023-10
1434,Ontario,Data Analyst,105298,2023-10
1435,Alberta,Data Analyst,64457,2023-04
1436,BC,Data Analyst,45955,2023-04
1437,Manitoba,ML Engineer,81776,2023-10
1438,Alberta,Data Analyst,85715,2023-01
1439,Quebec,Data Analyst,84073,2023-12
1440,BC,ML Engineer,79297,2023-01
1441,BC,Data Scientist,113617,2023-07
1442,Ontario,Data Scientist,51765,2023-04
1443,Manitoba,Data Scientist,93053,2023-03
1444,Alberta,ML Engineer,116443,2023-10
1445,Alberta,ML Engineer,47329,2023-02
1446,Quebec,Data Scientist,75816,2023-07
1447,Ontario,Data Scientist,52730,2023-06
1448,Manitoba,Data Scientist,67287,2023-09
1449,Quebec,Data Scientist,107096,2023-09
1450,Manitoba,Data Analyst,92967,2023-03
1451,Quebec,Data Analyst,75664,2023-04
1452,Manitoba,ML Engineer,88688,2023-06
1453,Alberta,ML Engineer,47642,2023-07
1454,Alberta,ML Engineer,115506,2023-06
1455,Manitoba,Data Analyst,90157,2023-04
1456,BC,Data Scientist,42982,2023-01
1457,Alberta,Data Scientist,109571,2023-01
1458,BC,Data Analyst,116159,2023-03
1459,Manitoba,Business Analyst,92893,2023-10
1460,Quebec,Data Analyst,92992,2023-08
1461,BC,Business Analyst,78214,2023-07
1462,Quebec,ML Engineer,45128,2023-02
1463,Ontario,ML Engineer,113030,2023-09
1464,Quebec,Data Scientist,109718,2023-12
1465,Manitoba,Data Scientist,65298,2023-12
1466,Alberta,Data Scientist,114904,2023-06
1467,Quebec,Business Analyst,97758,2023-01
1468,Ontario,Data Analyst,75146,2023-10
1469,Quebec,ML Engineer,86918,2023-10
1470,Manitoba,ML Engineer,40827,2023-05
1471,BC,Data Analyst,103917,2023-03
1472,Alberta,Data Scientist,40840,2023-12
1473,Ontario,Data Scientist,82280,2023-04
1474,Alberta,Data Scientist,119997,2023-08
1475,Alberta,Business Analyst,112792,2023-01
1476,BC,ML Engineer,108383,2023-09
1477,Ontario,Data Analyst,114222,2023-11
1478,Ontario,Data Scientist,103905,2023-02
1479,Manitoba,Business Analyst,50075,2023-09
1480,Quebec,Data Analyst,52380,2023-04
1481,Manitoba,Data Analyst,115891,2023-09
1482,BC,Business Analyst,90209,2023-10
1483,BC,Business Analyst,93880,2023-12
1484,Manitoba,ML Engineer,84295,2023-02
1485,Quebec,ML Engineer,53121,2023-02
1486,BC,ML Engineer,106401,2023-07
1487,Quebec,Data Scientist,41001,2023-04
1488,Ontario,Data Analyst,115870,2023-03
1489,Ontario,Business Analyst,81312,2023-03
1490,Quebec,Data Scientist,113685,2023-01
1491,Ontario,Business Analyst,96656,2023-07
1492,Alberta,Data Analyst,64983,2023-12
1493,Quebec,ML Engineer,111738,2023-07
1494,Manitoba,ML Engineer,107710,2023-07
1495,Alberta,Data Scientist,99796,2023-05
1496,Ontario,Business Analyst,109910,2023-06
1497,Quebec,ML Engineer,89775,2023-10
1498,Alberta,Data Scientist,43748,2023-11
1499,Alberta,Business Analyst,102785,2023-01
1500,Manitoba,Business Analyst,56203,2023-10
1501,BC,Data Scientist,91699,2023-05
1502,Manitoba,Data Analyst,107456,2023-08
1503,Alberta,Data Analyst,98446,2023-10
1504,Manitoba,Business Analyst,84907,2023-01
1505,BC,Data Scientist,85338,2023-01
1506,Manitoba,Data Analyst,86925,2023-04
1507,Ontario,Data Scientist,69377,2023-01
1508,Ontario,Data Scientist,118587,2023-11
1509,Manitoba,Data Analyst,111897,2023-03
1510,Ontario,ML Engineer,44971,2023-09
1511,BC,Data Analyst,62452,2023-10
1512,Manitoba,Business Analyst,111726,2023-01
1513,Alberta,Business Analyst,97296,2023-07
1514,Quebec,Data Analyst,106816,2023-01
1515,Ontario,Data Scientist,68689,2023-02
1516,Ontario,Data Analyst,61130,2023-04
1517,Ontario,ML Engineer,71421,2023-02
1518,Manitoba,Data Analyst,69192,2023-03
1519,Ontario,Business Analyst,58767,2023-12
1520,Quebec,Data Scientist,115250,2023-03
1521,Quebec,Data Analyst,79225,2023-12
1522,Alberta,ML Engineer,109667,2023-05
1523,Alberta,ML Engineer,110414,2023-07
1524,Alberta,Business Analyst,113402,2023-05
1525,Quebec,ML Engineer,74632,2023-11
1526,Ontario,Business Analyst,102475,2023-08
1527,Quebec,Data Scientist,95371,2023-05
1528,Alberta,Business Analyst,109526,2023-01
1529,BC,Data Scientist,113823,2023-02
1530,BC,Data Analyst,98313,2023-10
1531,Alberta,Data Scientist,83428,2023-07
1532,Alberta,ML Engineer,54589,2023-08
1533,Manitoba,Data Scientist,46652,2023-08
1534,BC,Business Analyst,81608,2023-06
1535,BC,Data Analyst,71521,2023-05
1536,Manitoba,ML Engineer,43581,2023-01
1537,Quebec,Data Scientist,47538,2023-08
1538,BC,Business Analyst,74099,2023-01
1539,Manitoba,Data Analyst,106073,2023-06
1540,Quebec,Data Analyst,83890,2023-06
1541,BC,Business Analyst,65415,2023-01
1542,Quebec,Business Analyst,56720,2023-10
1543,Quebec,ML Engineer,91938,2023-03
1544,Quebec,Data Scientist,67947,2023-06
1545,BC,Business Analyst,52186,2023-05
1546,Quebec,Business Analyst,47109,2023-07
1547,Alberta,ML Engineer,106830,2023-01
1548,Ontario,Business Analyst,79172,2023-07
1549,Alberta,ML Engineer,44853,2023-12
1550,Alberta,Data Scientist,74447,2023-05
1551,Alberta,Data Scientist,41157,2023-08
1552,Alberta,Data Scientist,89742,2023-03
1553,Quebec,ML Engineer,91276,2023-02
1554,Ontario,ML Engineer,49479,2023-11
1555,Ontario,ML Engineer,52456,2023-08
1556,Quebec,ML Engineer,94293,2023-09
1557,Alberta,Business Analyst,45631,2023-02
1558,Ontario,Data Analyst,42407,2023-11
1559,Manitoba,Business Analyst,105981,2023-08
1560,Ontario,Data Scientist,95888,2023-03
1561,Alberta,ML Engineer,89980,2023-08
1562,Ontario,Data Scientist,47131,2023-09
1563,BC,ML Engineer,80850,2023-02
1564,Quebec,Business Analyst,90809,2023-09
1565,Manitoba,Data Analyst,86494,2023-07
1566,Ontario,Business Analyst,76011,2023-11
1567,Ontario,Business Analyst,77293,2023-05
1568,Ontario,Data Scientist,83441,2023-01
1569,Quebec,Data Scientist,72467,2023-06
1570,BC,Data Scientist,79228,2023-11
1571,Manitoba,Data Scientist,48875,2023-01
1572,Manitoba,ML Engineer,71259,2023-12
1573,Quebec,Data Analyst,112054,2023-10
1574,Alberta,Business Analyst,87418,2023-06
1575,Quebec,Data Analyst,89033,2023-08
1576,Quebec,Data Analyst,49201,2023-05
1577,Ontario,Data Analyst,74628,2023-12
1578,Alberta,Data Scientist,68417,2023-07
1579,Manitoba,Data Scientist,102369,2023-01
1580,Ontario,Business Analyst,52913,2023-10
1581,Alberta,Data Scientist,114961,2023-06
1582,Alberta,Data Analyst,63359,2023-11
1583,Alberta,ML Engineer,62106,2023-08
1584,Alberta,Data Scientist,55904,2023-05
1585,Alberta,Data Analyst,106565,2023-06
1586,Alberta,Business Analyst,77548,2023-07
1587,Ontario,Data Analyst,94668,2023-08
1588,Quebec,Data Scientist,43143,2023-08
1589,Alberta,Data Analyst,68894,2023-03
1590,Quebec,ML Engineer,84809,2023-03
1591,Alberta,Data Analyst,68031,2023-11
1592,Ontario,Data Analyst,62761,2023-05
1593,Manitoba,ML Engineer,72447,2023-05
1594,BC,Data Analyst,78378,2023-11
1595,Quebec,ML Engineer,44545,2023-12
1596,Ontario,Data Analyst,109623,2023-12
1597,BC,Data Scientist,109209,2023-02
1598,Ontario,Data Scientist,70734,2023-11
1599,Alberta,Data Analyst,81605,2023-03
1600,BC,Data Scientist,73667,2023-07
1601,Alberta,Data Scientist,53224,2023-01
1602,Alberta,Business Analyst,107524,2023-08
1603,Quebec,Data Scientist,84124,2023-04
1604,Alberta,ML Engineer,119676,2023-05
1605,Alberta,Business Analyst,47736,2023-03
1606,Manitoba,Data Scientist,58176,2023-04
1607,Manitoba,Data Scientist,95337,2023-09
1608,Ontario,Data Analyst,61277,2023-11
1609,Alberta,ML Engineer,54001,2023-05
1610,Manitoba,Data Analyst,72329,2023-01
1611,Ontario,ML Engineer,107161,2023-04
1612,BC,ML Engineer,116741,2023-11
1613,Quebec,Business Analyst,107763,2023-05
1614,Alberta,Business Analyst,110596,2023-05
1615,Quebec,ML Engineer,64785,2023-04
1616,BC,Data Analyst,118535,2023-05
1617,BC,Business Analyst,83873,2023-01
1618,BC,Data Scientist,115308,2023-08
1619,Alberta,ML Engineer,42013,2023-05
1620,BC,Data Analyst,41302,2023-03
1621,BC,Data Scientist,82447,2023-12
1622,Quebec,Data Scientist,44549,2023-11
1623,BC,Business Analyst,102285,2023-02
1624,Alberta,ML Engineer,112838,2023-12
1625,Ontario,Data Scientist,62670,2023-04
1626,BC,Data Scientist,65050,2023-03
1627,Alberta,Business Analyst,89976,2023-05
1628,Manitoba,Data Analyst,75353,2023-02
1629,Quebec,Data Analyst,49935,2023-12
1630,Quebec,ML Engineer,76294,2023-11
1631,Quebec,ML Engineer,55148,2023-12
1632,Alberta,Data Analyst,78545,2023-02
1633,Ontario,Data Analyst,90028,2023-03
1634,Alberta,ML Engineer,69651,2023-02
1635,Manitoba,ML Engineer,47748,2023-08
1636,Ontario,Business Analyst,77652,2023-02
1637,Quebec,Business Analyst,105678,2023-09
1638,Ontario,Data Analyst,111028,2023-07
1639,BC,Business Analyst,76710,2023-07
1640,Alberta,Business Analyst,110686,2023-01
1641,Alberta,Data Scientist,109336,2023-03
1642,BC,ML Engineer,116334,2023-12
1643,BC,Data Scientist,46258,2023-01
1644,Manitoba,ML Engineer,109599,2023-05
1645,Quebec,ML Engineer,101309,2023-01
1646,Ontario,ML Engineer,91773,2023-05
1647,Alberta,Data Analyst,88840,2023-09
1648,BC,Data Scientist,51244,2023-11
1649,Quebec,Business Analyst,50183,2023-08
1650,Manitoba,Data Scientist,82193,2023-04
1651,BC,Business Analyst,103270,2023-10
1652,Ontario,Business Analyst,117483,2023-09
1653,Ontario,Business Analyst,80896,2023-12
1654,Alberta,Data Scientist,89257,2023-06
1655,Ontario,Business Analyst,112491,2023-06
1656,Quebec,ML Engineer,115290,2023-11
1657,Alberta,Business Analyst,47892,2023-08
1658,Ontario,ML Engineer,48875,2023-09
1659,Quebec,ML Engineer,92931,2023-10
1660,Alberta,Business Analyst,100617,2023-06
1661,Manitoba,ML Engineer,65596,2023-04
1662,Alberta,Business Analyst,74455,2023-03
1663,Ontario,ML Engineer,60949,2023-04
1664,Quebec,Data Analyst,115926,2023-12
1665,Quebec,Data Scientist,103634,2023-07
1666,Alberta,Business Analyst,110023,2023-03
1667,BC,Data Scientist,113357,2023-11
1668,BC,Data Scientist,62793,2023-03
1669,Manitoba,Data Scientist,62490,2023-03
1670,Ontario,ML Engineer,77785,2023-04
1671,Quebec,ML Engineer,75490,2023-08
1672,Ontario,ML Engineer,60938,2023-07
1673,Alberta,Data Scientist,40792,2023-04
1674,BC,Data Analyst,61751,2023-03
1675,Ontario,ML Engineer,83847,2023-04
1676,Manitoba,ML Engineer,91724,2023-03
1677,Alberta,Business Analyst,71184,2023-05
1678,Manitoba,Business Analyst,85639,2023-08
1679,Ontario,Business Analyst,89494,2023-04
1680,Alberta,Data Scientist,103275,2023-05
1681,Alberta,Business Analyst,113740,2023-03
1682,BC,ML Engineer,57066,2023-04
1683,Quebec,Data Scientist,74234,2023-08
1684,Manitoba,Data Analyst,80090,2023-05
1685,Manitoba,Data Scientist,118911,2023-04
1686,Alberta,Data Analyst,70160,2023-10
1687,Ontario,ML Engineer,77037,2023-10
1688,Quebec,Data Analyst,119243,2023-05
1689,Manitoba,Data Analyst,73662,2023-08
1690,Alberta,ML Engineer,71049,2023-06
1691,Ontario,Business Analyst,50939,2023-03
1692,BC,ML Engineer,108571,2023-09
1693,Alberta,Business Analyst,65396,2023-02
1694,Ontario,Data Scientist,103566,2023-05
1695,Manitoba,Data Analyst,57289,2023-06
1696,Ontario,Business Analyst,101166,2023-12
1697,BC,Data Analyst,111403,2023-04
1698,Quebec,ML Engineer,117063,2023-03
1699,Manitoba,ML Engineer,71667,2023-10
1700,BC,ML Engineer,57736,2023-07
1701,BC,Data Analyst,69742,2023-01
1702,Alberta,ML Engineer,70255,2023-01
1703,Quebec,Data Analyst,62690,2023-09
1704,BC,Data Analyst,84185,2023-12
1705,Ontario,Data Scientist,74001,2023-05
1706,BC,ML Engineer,77822,2023-03
1707,Quebec,Data Analyst,67286,2023-08
1708,Manitoba,ML Engineer,54493,2023-01
1709,Manitoba,Data Scientist,69717,2023-11
1710,Quebec,Data Analyst,95237,2023-09
1711,Manitoba,Business Analyst,94710,2023-11
1712,Alberta,Data Analyst,85652,2023-12
1713,Manitoba,Data Analyst,69381,2023-07
1714,Manitoba,Data Analyst,70419,2023-07
1715,Quebec,Data Scientist,62147,2023-08
1716,Manitoba,Data Scientist,71718,2023-05
1717,Manitoba,Data Scientist,57373,2023-04
1718,Quebec,Business Analyst,59953,2023-05
1719,Alberta,Data Analyst,86870,2023-07
1720,Manitoba,Business Analyst,77953,2023-10
1721,Quebec,ML Engineer,58195,2023-04
1722,Manitoba,Business Analyst,79492,2023-08
1723,Manitoba,Business Analyst,95565,2023-10
1724,Ontario,Business Analyst,44321,2023-08
1725,Alberta,Business Analyst,45517,2023-09
1726,Quebec,Data Scientist,84390,2023-10
1727,Ontario,Data Scientist,92609,2023-06
1728,Manitoba,Data Scientist,47123,2023-09
1729,Alberta,ML Engineer,90021,2023-12
1730,Alberta,Data Analyst,78641,2023-11
1731,Alberta,Business Analyst,75397,2023-02
1732,Alberta,Data Scientist,97566,2023-08
1733,Ontario,Business Analyst,101500,2023-12
1734,Alberta,ML Engineer,112254,2023-09
1735,Manitoba,Data Scientist,64272,2023-09
1736,Manitoba,Data Scientist,71277,2023-06
1737,Manitoba,Data Scientist,53605,2023-08
1738,BC,Business Analyst,50822,2023-01
1739,Quebec,Data Analyst,99248,2023-11
1740,Ontario,Data Scientist,93339,2023-02
1741,BC,Business Analyst,79627,2023-03
1742,BC,Data Analyst,63261,2023-07
1743,BC,Data Analyst,62520,2023-07
1744,Alberta,Business Analyst,67127,2023-12
1745,Alberta,Business Analyst,102382,2023-03
1746,BC,ML Engineer,40361,2023-06
1747,Manitoba,Data Analyst,72893,2023-06
1748,Manitoba,Business Analyst,62038,2023-11
1749,Ontario,Data Scientist,50855,2023-12
1750,Quebec,Business Analyst,110414,2023-02
1751,Alberta,ML Engineer,53302,2023-08
1752,Manitoba,ML Engineer,80656,2023-11
1753,Manitoba,ML Engineer,99214,2023-04
1754,Ontario,Data Scientist,75830,2023-06
1755,Ontario,Data Scientist,53045,2023-10
1756,Ontario,Business Analyst,91450,2023-02
1757,BC,ML Engineer,78020,2023-10
1758,Ontario,ML Engineer,104455,2023-10
1759,Ontario,ML Engineer,72387,2023-02
1760,BC,ML Engineer,46127,2023-03
1761,Quebec,ML Engineer,48932,2023-04
1762,Alberta,ML Engineer,50041,2023-12
1763,Quebec,Data Scientist,49752,2023-03
1764,BC,Data Analyst,85346,2023-05
1765,Ontario,Business Analyst,58677,2023-12
1766,BC,ML Engineer,40920,2023-12
1767,Quebec,ML Engineer,55269,2023-10
1768,Manitoba,ML Engineer,57964,2023-06
1769,BC,Data Analyst,54618,2023-12
1770,Manitoba,Data Scientist,68143,2023-09
1771,Quebec,Data Scientist,74472,2023-11
1772,BC,ML Engineer,53006,2023-06
1773,Manitoba,Data Analyst,116881,2023-11
1774,BC,Data Scientist,54328,2023-05
1775,Quebec,ML Engineer,119387,2023-11
1776,Manitoba,Data Analyst,110719,2023-07
1777,Quebec,Data Analyst,110640,2023-07
1778,Quebec,Business Analyst,103043,2023-07
1779,BC,Data Scientist,78938,2023-03
1780,Manitoba,ML Engineer,93695,2023-04
1781,Alberta,Data Analyst,49768,2023-10
1782,Ontario,ML Engineer,41505,2023-04
1783,Manitoba,Business Analyst,43566,2023-06
1784,Manitoba,ML Engineer,117276,2023-09
1785,Alberta,Data Analyst,53616,2023-11
1786,Ontario,ML Engineer,85682,2023-09
1787,Ontario,Data Analyst,42332,2023-01
1788,BC,Business Analyst,81905,2023-12
1789,Manitoba,Data Analyst,89393,2023-02
1790,Alberta,ML Engineer,59579,2023-02
1791,Alberta,ML Engineer,78842,2023-08
1792,Alberta,ML Engineer,80122,2023-01
1793,Ontario,Data Scientist,105249,2023-08
1794,BC,ML Engineer,100870,2023-06
1795,Alberta,Data Analyst,75003,2023-11
1796,Quebec,Business Analyst,60319,2023-11
1797,Alberta,ML Engineer,117877,2023-08
1798,Manitoba,Business Analyst,100560,2023-06
1799,Manitoba,Data Scientist,102303,2023-09
1800,Manitoba,Data Scientist,60478,2023-05
1801,BC,Business Analyst,52579,2023-09
1802,Ontario,Business Analyst,107660,2023-09
1803,BC,Data Scientist,114660,2023-10
1804,BC,Business Analyst,45222,2023-11
1805,BC,Data Scientist,114012,2023-05
1806,Manitoba,Data Scientist,71394,2023-01
1807,BC,Data Scientist,42294,2023-10
1808,Quebec,ML Engineer,69902,2023-06
1809,Quebec,ML Engineer,98976,2023-08
1810,Alberta,Data Scientist,80555,2023-03
1811,BC,Business Analyst,115213,2023-02
1812,Alberta,ML Engineer,65214,2023-01
1813,Quebec,ML Engineer,57813,2023-07
1814,Quebec,Data Scientist,74710,2023-11
1815,Quebec,Data Scientist,113830,2023-05
1816,Manitoba,Data Scientist,49048,2023-07
1817,Quebec,ML Engineer,87684,2023-02
1818,Alberta,Data Scientist,61712,2023-05
1819,Alberta,ML Engineer,86587,2023-02
1820,BC,Data Scientist,89775,2023-01
1821,Manitoba,Business Analyst,59984,2023-12
1822,Quebec,ML Engineer,95061,2023-01
1823,Manitoba,ML Engineer,103409,2023-04
1824,Alberta,Data Scientist,114263,2023-06
1825,Ontario,Data Scientist,103701,2023-01
1826,Manitoba,Data Scientist,72845,2023-03
1827,Manitoba,Data Scientist,110003,2023-09
1828,Alberta,Business Analyst,112123,2023-08
1829,Alberta,Data Scientist,115426,2023-01
1830,Alberta,ML Engineer,91950,2023-08
1831,BC,Business Analyst,68437,2023-11
1832,Manitoba,Data Analyst,98815,2023-04
1833,BC,Data Scientist,97397,2023-12
1834,BC,Data Analyst,62481,2023-06
1835,Quebec,Data Analyst,105495,2023-04
1836,Manitoba,Data Analyst,113134,2023-02
1837,Alberta,Data Analyst,53119,2023-01
1838,Quebec,ML Engineer,109553,2023-05
1839,Quebec,Data Scientist,57595,2023-03
1840,Manitoba,Data Analyst,45568,2023-06
1841,BC,ML Engineer,90809,2023-07
1842,BC,Business Analyst,47907,2023-06
1843,Quebec,Data Scientist,101536,2023-05
1844,Manitoba,Data Scientist,79307,2023-02
1845,Alberta,Data Analyst,94377,2023-08
1846,Ontario,Data Analyst,85489,2023-09
1847,Alberta,Data Analyst,106247,2023-05
1848,Alberta,Data Scientist,101402,2023-07
1849,Alberta,ML Engineer,78584,2023-11
1850,Alberta,Data Scientist,113098,2023-06
1851,Ontario,ML Engineer,93536,2023-11
1852,BC,Data Scientist,101470,2023-07
1853,BC,ML Engineer,102508,2023-12
1854,Manitoba,ML Engineer,61686,2023-08
1855,Manitoba,ML Engineer,110244,2023-06
1856,Quebec,Data Scientist,72718,2023-08
1857,Ontario,ML Engineer,108933,2023-04
1858,Alberta,Data Scientist,45322,2023-02
1859,BC,ML Engineer,119631,2023-12
1860,Ontario,Data Analyst,83251,2023-11
1861,Ontario,Data Scientist,44831,2023-04
1862,Ontario,Data Scientist,58831,2023-04
1863,Alberta,Business Analyst,70321,2023-12
1864,BC,Data Analyst,67935,2023-08
1865,Quebec,ML Engineer,91168,2023-04
1866,Ontario,Data Analyst,105095,2023-08
1867,Quebec,Data Analyst,70009,2023-09
1868,Ontario,Data Scientist,43570,2023-06
1869,BC,Data Analyst,85660,2023-07
1870,Manitoba,Data Scientist,116675,2023-12
1871,Alberta,Data Scientist,56141,2023-04
1872,Manitoba,Data Analyst,40413,2023-04
1873,Manitoba,Data Analyst,76833,2023-06
1874,BC,Business Analyst,68221,2023-10
1875,Manitoba,Data Analyst,86271,2023-11
1876,Alberta,Data Scientist,106590,2023-08
1877,BC,Business Analyst,62681,2023-04
1878,Quebec,Business Analyst,59168,2023-11
1879,Ontario,Data Analyst,92835,2023-02
1880,Ontario,Data Analyst,98007,2023-06
1881,Alberta,ML Engineer,103709,2023-06
1882,Alberta,ML Engineer,59966,2023-05
1883,Quebec,ML Engineer,57936,2023-09
1884,BC,ML Engineer,79058,2023-02
1885,Ontario,ML Engineer,114858,2023-04
1886,Ontario,Data Analyst,84135,2023-03
1887,BC,Business Analyst,60504,2023-07
1888,Ontario,Data Scientist,103037,2023-09
1889,BC,Data Scientist,101591,2023-02
1890,BC,ML Engineer,45752,2023-05
1891,Quebec,ML Engineer,66944,2023-03
1892,BC,Data Analyst,100449,2023-05
1893,BC,Data Scientist,72179,2023-04
1894,Manitoba,Data Analyst,66090,2023-06
1895,Alberta,Data Analyst,58959,2023-03
1896,Manitoba,Business Analyst,102363,2023-06
1897,Quebec,Business Analyst,63019,2023-02
1898,Alberta,ML Engineer,64358,2023-11
1899,Ontario,Data Scientist,88024,2023-10
1900,Manitoba,Business Analyst,97480,2023-10
1901,BC,Business Analyst,85991,2023-09
1902,BC,Business Analyst,118867,2023-12
1903,BC,Business Analyst,68909,2023-09
1904,Ontario,Data Analyst,74603,2023-11
1905,BC,ML Engineer,53462,2023-04
1906,Alberta,ML Engineer,103787,2023-03
1907,Ontario,ML Engineer,40645,2023-09
1908,Alberta,Data Analyst,96792,2023-03
1909,Manitoba,Data Scientist,58767,2023-07
1910,Quebec,ML Engineer,49956,2023-10
1911,Ontario,Data Scientist,60938,2023-09
1912,Alberta,ML Engineer,94843,2023-11
1913,Manitoba,Business Analyst,43490,2023-01
1914,Manitoba,ML Engineer,56429,2023-01
1915,Alberta,Business Analyst,46815,2023-05
1916,Ontario,Business Analyst,100879,2023-07
1917,Manitoba,Business Analyst,104741,2023-04
1918,Manitoba,ML Engineer,91129,2023-03
1919,Alberta,Data Scientist,109210,2023-12
1920,BC,Business Analyst,71147,2023-05
1921,Manitoba,Data Analyst,119730,2023-11
1922,Quebec,Data Analyst,93086,2023-06
1923,Ontario,Data Analyst,64523,2023-12
1924,Alberta,Business Analyst,60537,2023-07
1925,Quebec,Business Analyst,97319,2023-10
1926,Ontario,ML Engineer,89155,2023-02
1927,Alberta,ML Engineer,43952,2023-10
1928,Quebec,Data Scientist,72427,2023-02
1929,BC,Business Analyst,69872,2023-07
1930,Manitoba,Data Analyst,49964,2023-05
1931,Quebec,Data Scientist,108132,2023-01
1932,Ontario,Data Analyst,78006,2023-11
1933,BC,Data Scientist,90110,2023-01
1934,Ontario,ML Engineer,103748,2023-06
1935,Quebec,Data Analyst,78711,2023-05
1936,Quebec,Business Analyst,95064,2023-04
1937,Alberta,Data Scientist,48759,2023-01
1938,Ontario,Business Analyst,64276,2023-05
1939,Alberta,Data Scientist,52724,2023-08
1940,Manitoba,Data Scientist,97641,2023-10
1941,Manitoba,Business Analyst,77348,2023-04
1942,Alberta,Data Scientist,101650,2023-09
1943,Quebec,Data Scientist,91976,2023-10
1944,BC,Business Analyst,41138,2023-04
1945,Alberta,ML Engineer,64973,2023-09
1946,Quebec,Data Scientist,90209,2023-02
1947,Ontario,ML Engineer,73807,2023-02
1948,Ontario,Business Analyst,97909,2023-12
1949,BC,Data Scientist,75757,2023-02
1950,Alberta,Business Analyst,117042,2023-06
1951,Manitoba,Data Scientist,71070,2023-04
1952,Alberta,Business Analyst,115749,2023-04
1953,Ontario,Business Analyst,62765,2023-10
1954,Quebec,ML Engineer,42935,2023-09
1955,Manitoba,Data Analyst,100242,2023-06
1956,Manitoba,Business Analyst,88470,2023-03
1957,Ontario,ML Engineer,109029,2023-12
1958,Manitoba,ML Engineer,107437,2023-02
1959,BC,Business Analyst,114422,2023-01
1960,Alberta,Data Analyst,75435,2023-12
1961,Ontario,Business Analyst,62558,2023-03
1962,Ontario,Data Analyst,62548,2023-02
1963,BC,Data Analyst,86142,2023-05
1964,Ontario,Data Scientist,74313,2023-11
1965,Alberta,Business Analyst,67714,2023-05
1966,BC,Data Scientist,116738,2023-03
1967,Ontario,Data Analyst,107906,2023-06
1968,Quebec,Data Scientist,78942,2023-10
1969,Quebec,Data Scientist,76508,2023-11
1970,Ontario,Data Scientist,64516,2023-03
1971,Ontario,Data Analyst,63922,2023-08
1972,BC,Business Analyst,112859,2023-08
1973,Manitoba,Data Scientist,71660,2023-05
1974,Quebec,Business Analyst,57130,2023-06
1975,Ontario,Data Scientist,106797,2023-10
1976,BC,Business Analyst,48224,2023-06
1977,Quebec,ML Engineer,115870,2023-05
1978,BC,Data Scientist,52682,2023-02
1979,Ontario,Data Analyst,58512,2023-12
1980,BC,ML Engineer,63340,2023-05
1981,Manitoba,Business Analyst,93793,2023-10
1982,BC,Business Analyst,63820,2023-05
1983,Manitoba,Data Scientist,76684,2023-04
1984,Ontario,ML Engineer,50665,2023-07
1985,Ontario,Data Analyst,59957,2023-12
1986,BC,Business Analyst,50106,2023-10
1987,Ontario,ML Engineer,58612,2023-07
1988,BC,ML Engineer,79823,2023-03
1989,Manitoba,Data Scientist,85254,2023-04
1990,BC,ML Engineer,62261,2023-11
1991,Ontario,Data Scientist,63524,2023-12
1992,BC,Data Scientist,61975,2023-06
1993,Alberta,Data Scientist,109222,2023-01
1994,Alberta,Business Analyst,83365,2023-05
1995,Quebec,ML Engineer,91494,2023-08
1996,Ontario,Business Analyst,69402,2023-08
1997,BC,Business Analyst,83434,2023-02
1998,Ontario,ML Engineer,110207,2023-08
1999,Ontario,Data Analyst,108674,2023-11
2000,Ontario,Business Analyst,82558,2023-08
